video,role,gt_node,gt_t,gt_z,gt_y,gt_x,pred_node,pred_t,match_distance_um,detected
44b6_12dfb391,parent,172000000050,66,46.0,63.0,160.0,32130,66,0.40625,1
44b6_12dfb391,daughter1,173000000050,67,46.0,51.0,160.0,32619,67,1.675012,1
44b6_12dfb391,daughter2,173000000051,67,46.0,74.0,164.0,32646,67,1.816805,1
44b6_267148e4,parent,16000000001,3,34.0,84.0,26.0,649,3,1.816805,1
44b6_267148e4,daughter1,17000000001,4,33.0,89.0,38.0,839,4,1.861671,1
44b6_267148e4,daughter2,17000000002,4,35.0,92.0,11.0,848,4,0.40625,1
6bba_062c8d37,parent,90001276,89,18.0,68.0,157.0,5997,89,0.40625,1
6bba_062c8d37,daughter1,91001298,90,16.0,71.0,159.0,6056,90,0.574524,1
6bba_062c8d37,daughter2,91001299,90,20.0,61.0,147.0,6060,90,0.574524,1
6bba_07e24132,parent,36000309,35,13.0,13.0,17.0,14149,35,2.872621,1
6bba_07e24132,daughter1,37000317,36,14.0,4.0,10.0,14523,36,4.375446,1
6bba_07e24132,daughter2,37000318,36,12.0,22.0,17.0,14487,36,6.56317,1
6bba_07e24132,parent,66000550,65,33.0,122.0,71.0,24663,65,1.861671,1
6bba_07e24132,daughter1,67000557,66,33.0,137.0,66.0,25003,66,1.861671,1
6bba_07e24132,daughter2,67000558,66,34.0,123.0,78.0,25019,66,2.187723,1
