video,t,gt_nodes,pilkwang_pred_nodes,focus3d_pred_nodes,pilkwang_hits,focus3d_hits,pilkwang_misses,focus3d_misses
44b6_0113de3b,31,1,254,288,1,1,0,0
44b6_0113de3b,34,1,264,290,1,1,0,0
44b6_0113de3b,41,1,261,292,1,1,0,0
44b6_0113de3b,55,1,287,324,1,1,0,0
44b6_0113de3b,58,1,286,317,1,1,0,0
44b6_0113de3b,61,1,294,325,1,1,0,0
44b6_0113de3b,68,1,290,322,1,1,0,0
44b6_3bb3690f,13,4,236,535,4,3,0,1
44b6_3bb3690f,26,4,196,593,4,4,0,0
44b6_3bb3690f,33,4,191,611,4,4,0,0
44b6_3bb3690f,53,4,178,694,4,4,0,0
44b6_3bb3690f,59,4,186,690,4,4,0,0
44b6_3bb3690f,66,4,185,649,4,4,0,0
44b6_3bb3690f,99,4,180,636,4,4,0,0
44b6_7a302da0,0,6,583,688,6,6,0,0
44b6_7a302da0,7,7,614,706,7,7,0,0
44b6_7a302da0,26,6,598,764,6,6,0,0
44b6_7a302da0,40,5,610,838,5,5,0,0
44b6_7a302da0,46,6,563,830,6,6,0,0
44b6_7a302da0,53,6,570,824,6,6,0,0
44b6_7a302da0,73,3,594,863,3,3,0,0
44b6_9bfa6a0a,0,5,466,682,5,5,0,0
44b6_9bfa6a0a,7,3,487,719,3,3,0,0
44b6_9bfa6a0a,13,3,516,727,3,3,0,0
44b6_9bfa6a0a,53,2,456,784,2,2,0,0
44b6_9bfa6a0a,73,2,413,824,2,2,0,0
44b6_9bfa6a0a,79,2,425,828,2,2,0,0
44b6_9bfa6a0a,92,2,414,819,2,2,0,0
44b6_d29c9ab2,7,11,270,292,11,11,0,0
44b6_d29c9ab2,26,14,308,336,14,14,0,0
44b6_d29c9ab2,46,13,377,420,13,13,0,0
44b6_d29c9ab2,59,14,419,486,14,14,0,0
44b6_d29c9ab2,79,13,463,514,13,13,0,0
44b6_d29c9ab2,86,12,473,511,12,12,0,0
44b6_f28707c6,18,1,302,299,1,1,0,0
44b6_f28707c6,43,1,279,269,1,1,0,0
44b6_f28707c6,55,1,243,258,1,1,0,0
44b6_f28707c6,64,1,218,230,1,1,0,0
44b6_f28707c6,68,1,209,224,1,1,0,0
44b6_f28707c6,72,1,195,202,1,1,0,0
6bba_05b6850b,0,6,79,95,6,6,0,0
6bba_05b6850b,7,6,73,95,6,6,0,0
6bba_05b6850b,13,7,81,101,7,7,0,0
6bba_05b6850b,20,8,73,87,8,8,0,0
6bba_05b6850b,73,11,77,91,11,11,0,0
6bba_05b6850b,86,10,77,91,10,10,0,0
6bba_3a1849c2,20,10,68,87,10,9,0,1
6bba_3a1849c2,33,9,75,74,9,7,0,2
6bba_3a1849c2,59,12,79,105,12,10,0,2
6bba_3a1849c2,66,14,91,115,14,12,0,2
6bba_3a1849c2,73,15,91,120,15,12,0,3
6bba_3a1849c2,79,13,93,107,13,11,0,2
6bba_6ca87370,13,4,47,48,4,4,0,0
6bba_6ca87370,33,9,62,63,9,9,0,0
6bba_6ca87370,40,9,67,62,9,8,0,1
6bba_6ca87370,79,18,103,104,18,18,0,0
6bba_6ca87370,86,17,99,99,17,17,0,0
6bba_6ca87370,99,15,92,88,15,15,0,0
6bba_969618f6,13,7,233,260,7,7,0,0
6bba_969618f6,26,8,215,246,8,8,0,0
6bba_969618f6,33,8,208,234,8,7,0,1
6bba_969618f6,53,8,186,238,8,8,0,0
6bba_969618f6,79,4,122,148,4,4,0,0
6bba_969618f6,99,4,78,110,4,4,0,0
6bba_d1acb6ff,0,2,289,316,2,2,0,0
6bba_d1acb6ff,7,3,271,306,3,3,0,0
6bba_d1acb6ff,26,5,262,279,5,5,0,0
6bba_d1acb6ff,40,4,229,262,4,4,0,0
6bba_d1acb6ff,53,10,223,235,10,10,0,0
6bba_d1acb6ff,73,11,163,174,11,10,0,1
6bba_fe670320,7,11,46,50,11,11,0,0
6bba_fe670320,13,13,48,49,13,13,0,0
6bba_fe670320,20,11,51,48,11,11,0,0
6bba_fe670320,26,13,50,50,13,13,0,0
6bba_fe670320,46,4,65,65,4,4,0,0
6bba_fe670320,73,6,187,222,6,6,0,0
