video,frames,gt_nodes,pilkwang_hits,focus3d_hits,pilkwang_recall,focus3d_recall,recall_diff_pil_minus_focus,both_hit,pilkwang_only_hit,focus3d_only_hit,both_miss,pilkwang_mean_distance_um,focus3d_mean_distance_um,common_hit_count,common_mean_distance_diff_pil_minus_focus_um,pilkwang_pred_nodes,focus3d_pred_nodes,pilkwang_seconds,focus3d_seconds
44b6_0113de3b,7,7,7,7,1.0,1.0,0.0,7,0,0,0,0.6015834913641978,0.502918050543582,7,0.0986654408206157,1936,2158,44.72989084700009,77.238850813
44b6_3bb3690f,7,28,28,27,1.0,0.9642857142857143,0.0357142857142857,27,1,0,0,1.6660048199227802,2.6734568953218427,27,-0.9607944894759962,1352,4408,58.42445150800006,135.03563843300003
44b6_7a302da0,7,39,39,39,1.0,1.0,0.0,39,0,0,0,1.3950246178269787,1.6724958985200427,39,-0.2774712806930641,4132,5513,53.39677019999999,167.31075181300002
44b6_9bfa6a0a,7,19,19,19,1.0,1.0,0.0,19,0,0,0,1.8826703623257124,1.8969207167075346,19,-0.014250354381821744,3177,5383,61.01993612000001,156.15753554599996
44b6_d29c9ab2,6,77,77,77,1.0,1.0,0.0,77,0,0,0,1.112860870159132,0.9937674711317189,77,0.11909339902741288,2310,2559,54.780755759000044,82.22923754499993
44b6_f28707c6,6,6,6,6,1.0,1.0,0.0,6,0,0,0,1.6503554797784494,2.181282442978167,6,-0.5309269631997174,1446,1482,44.14225862400008,57.43399580999994
6bba_05b6850b,6,48,48,48,1.0,1.0,0.0,48,0,0,0,2.144326076902163,2.3071436369536094,48,-0.1628175600514463,460,560,50.10955143399997,36.407146637000096
6bba_3a1849c2,6,73,73,61,1.0,0.8356164383561644,0.1643835616438356,61,12,0,0,2.096795206466205,2.2207395804018235,61,-0.22881085322365774,497,608,46.180206722999856,38.03505402199994
6bba_6ca87370,6,72,72,71,1.0,0.9861111111111112,0.01388888888888884,71,1,0,0,1.7052573485883746,1.8457737141387012,71,-0.16571970767916708,470,464,57.79567368799985,35.694588015000136
6bba_969618f6,6,39,39,38,1.0,0.9743589743589743,0.02564102564102566,38,1,0,0,1.7473997713560079,1.957659913817769,38,-0.20835519217363413,1042,1236,58.63427560299988,52.73622337800043
6bba_d1acb6ff,6,35,35,34,1.0,0.9714285714285714,0.02857142857142858,34,1,0,0,1.852733404572113,1.671402167127138,34,0.16718432066309408,1437,1572,43.63533952199987,60.95120114400015
6bba_fe670320,6,58,58,58,1.0,1.0,0.0,58,0,0,0,1.6383944032330406,1.331431138098254,58,0.30696326513478656,447,484,42.22703236000007,34.47621143200013
