video,t,gt_node_id,gt_z,gt_y,gt_x,pilkwang_hit,focus3d_hit,pilkwang_distance_um,focus3d_distance_um,category
44b6_0113de3b,31,42000000003,9.0,91.0,77.0,1,1,0.5745242597140698,0.24994387735272325,both_hit
44b6_0113de3b,34,45000000003,13.0,109.0,79.0,1,1,0.5745242597140698,0.6889114138831303,both_hit
44b6_0113de3b,41,52000000003,19.0,120.0,93.0,1,1,1.6750116604071745,0.6292250195522708,both_hit
44b6_0113de3b,55,66000000003,41.0,120.0,132.0,1,1,0.0,1.011201458720173,both_hit
44b6_0113de3b,58,69000000003,44.0,121.0,139.0,1,1,0.5745242597140698,0.38875643063898857,both_hit
44b6_0113de3b,61,72000000003,49.0,120.0,150.0,1,1,0.8125,0.2795681456302899,both_hit
44b6_0113de3b,68,79000000003,57.0,128.0,180.0,1,1,0.0,0.2728200080274983,both_hit
44b6_3bb3690f,13,399000000003,45.0,99.0,156.0,1,0,0.40625,,pilkwang_only_hit
44b6_3bb3690f,13,399000000004,49.0,70.0,131.0,1,1,0.9084026158592896,3.5713869923738875,both_hit
44b6_3bb3690f,13,399000000005,46.0,111.0,201.0,1,1,3.494694639736067,3.3116261531162716,both_hit
44b6_3bb3690f,13,399000000006,44.0,114.0,159.0,1,1,0.9084026158592896,0.5654981991883126,both_hit
44b6_3bb3690f,26,412000000003,40.0,102.0,156.0,1,1,3.350023320814349,2.795393033214311,both_hit
44b6_3bb3690f,26,412000000004,42.0,85.0,130.0,1,1,1.86167137607581,1.1710726083134415,both_hit
44b6_3bb3690f,26,412000000005,41.0,124.0,198.0,1,1,0.8125,2.8058926071351418,both_hit
44b6_3bb3690f,26,412000000006,38.0,131.0,139.0,1,1,1.7235727791422095,1.515846471159895,both_hit
44b6_3bb3690f,33,419000000003,39.0,107.0,148.0,1,1,2.6012692214570947,4.954077851605457,both_hit
44b6_3bb3690f,33,419000000004,40.0,89.0,124.0,1,1,0.40625,4.124627538027421,both_hit
44b6_3bb3690f,33,419000000005,39.0,138.0,203.0,1,1,1.86167137607581,3.4128786872277073,both_hit
44b6_3bb3690f,33,419000000006,34.0,143.0,138.0,1,1,0.9084026158592896,1.0776490073721132,both_hit
44b6_3bb3690f,53,439000000004,32.0,128.0,124.0,1,1,1.625,1.4255867892917349,both_hit
44b6_3bb3690f,53,439000000005,35.0,103.0,94.0,1,1,1.86167137607581,5.303391231970902,both_hit
44b6_3bb3690f,53,439000000006,34.0,153.0,183.0,1,1,0.5745242597140698,2.057726961888585,both_hit
44b6_3bb3690f,53,439000000007,25.0,200.0,120.0,1,1,1.625,3.385726137203611,both_hit
44b6_3bb3690f,59,445000000004,33.0,124.0,112.0,1,1,3.9804208320226646,3.166305609524058,both_hit
44b6_3bb3690f,59,445000000005,34.0,107.0,93.0,1,1,1.284675299443404,2.000280964479687,both_hit
44b6_3bb3690f,59,445000000006,31.0,152.0,156.0,1,1,0.0,1.61918725611023,both_hit
44b6_3bb3690f,59,445000000007,23.0,210.0,114.0,1,1,1.9902104160113323,3.02469015621738,both_hit
44b6_3bb3690f,66,452000000004,32.0,126.0,111.0,1,1,5.816614806956019,5.510098510400491,both_hit
44b6_3bb3690f,66,452000000005,33.0,110.0,92.0,1,1,1.8168052317185792,2.288584608330079,both_hit
44b6_3bb3690f,66,452000000006,28.0,169.0,147.0,1,1,1.284675299443404,1.4949341127749871,both_hit
44b6_3bb3690f,66,452000000007,21.0,221.0,115.0,1,1,0.5745242597140698,2.566953915815675,both_hit
44b6_3bb3690f,99,485000000004,25.0,153.0,92.0,1,1,0.40625,3.5357767179842625,both_hit
44b6_3bb3690f,99,485000000005,28.0,122.0,85.0,1,1,0.9084026158592896,1.0006515177857236,both_hit
44b6_3bb3690f,99,485000000006,20.0,211.0,116.0,1,1,2.03125,2.6639057152739323,both_hit
44b6_3bb3690f,99,485000000007,18.0,244.0,92.0,1,1,1.625,1.8335868199044494,both_hit
44b6_7a302da0,0,173000000005,50.0,206.0,19.0,1,1,0.9084026158592896,0.24747464724225676,both_hit
44b6_7a302da0,0,173000000019,39.0,93.0,188.0,1,1,0.40625,0.6937889833550192,both_hit
44b6_7a302da0,0,173000000022,40.0,228.0,87.0,1,1,0.40625,0.28270628484654614,both_hit
44b6_7a302da0,0,173000000023,33.0,171.0,92.0,1,1,2.333728575156074,3.482211191143156,both_hit
44b6_7a302da0,0,173000000058,27.0,39.0,240.0,1,1,1.6750116604071745,0.7702746802427334,both_hit
44b6_7a302da0,0,173000000065,18.0,74.0,253.0,1,1,1.86167137607581,4.631305823373779,both_hit
44b6_7a302da0,7,180000000004,40.0,191.0,8.0,1,1,2.03125,0.5449184436626833,both_hit
44b6_7a302da0,7,180000000005,49.0,200.0,24.0,1,1,0.0,0.87619067381761,both_hit
44b6_7a302da0,7,180000000020,37.0,90.0,195.0,1,1,0.9084026158592896,0.6095277610948665,both_hit
44b6_7a302da0,7,180000000023,40.0,225.0,92.0,1,1,0.40625,0.8810331734203386,both_hit
44b6_7a302da0,7,180000000024,33.0,163.0,103.0,1,1,0.5745242597140698,1.7816393110986277,both_hit
44b6_7a302da0,7,180000000058,24.0,42.0,248.0,1,1,1.8168052317185792,1.4177509830147301,both_hit
44b6_7a302da0,7,180000000065,16.0,65.0,250.0,1,1,0.9084026158592896,1.0935191315936383,both_hit
44b6_7a302da0,26,199000000004,48.0,180.0,34.0,1,1,1.8168052317185792,0.6420183330168865,both_hit
44b6_7a302da0,26,199000000005,56.0,191.0,58.0,1,1,5.090297909995052,4.981874388522782,both_hit
44b6_7a302da0,26,199000000020,34.0,72.0,184.0,1,1,0.0,2.6270897003725997,both_hit
44b6_7a302da0,26,199000000023,38.0,210.0,102.0,1,1,1.9902104160113323,1.3455295080059961,both_hit
44b6_7a302da0,26,199000000024,31.0,143.0,105.0,1,1,0.5745242597140698,0.46514703572696026,both_hit
44b6_7a302da0,26,199000000051,20.0,39.0,245.0,1,1,1.284675299443404,1.8603775696393445,both_hit
44b6_7a302da0,40,213000000004,45.0,163.0,33.0,1,1,1.284675299443404,1.814569876181821,both_hit
44b6_7a302da0,40,213000000005,54.0,178.0,58.0,1,1,1.9902104160113323,0.731334785294925,both_hit
44b6_7a302da0,40,213000000020,31.0,61.0,202.0,1,1,0.9084026158592896,0.5822140594309377,both_hit
44b6_7a302da0,40,213000000023,37.0,205.0,124.0,1,1,2.03125,3.396666629649133,both_hit
44b6_7a302da0,40,213000000024,32.0,140.0,126.0,1,1,0.8125,1.886835022207922,both_hit
44b6_7a302da0,46,219000000004,44.0,153.0,31.0,1,1,0.5745242597140698,1.4715809734316458,both_hit
44b6_7a302da0,46,219000000005,54.0,171.0,64.0,1,1,1.6750116604071745,1.3490440723094916,both_hit
44b6_7a302da0,46,219000000020,30.0,53.0,199.0,1,1,0.5745242597140698,0.8195186959563794,both_hit
44b6_7a302da0,46,219000000023,36.0,193.0,120.0,1,1,3.2752922102462856,5.575306869731409,both_hit
44b6_7a302da0,46,219000000024,30.0,125.0,120.0,1,1,0.40625,0.7562643153636798,both_hit
44b6_7a302da0,46,219000000047,19.0,17.0,253.0,1,1,1.284675299443404,1.524523658315557,both_hit
44b6_7a302da0,53,226000000004,45.0,152.0,34.0,1,1,0.8125,0.5632678234800381,both_hit
44b6_7a302da0,53,226000000005,53.0,167.0,68.0,1,1,1.6750116604071745,0.37767658523437486,both_hit
44b6_7a302da0,53,226000000020,30.0,54.0,219.0,1,1,3.5648292823780494,4.360619186034347,both_hit
44b6_7a302da0,53,226000000023,34.0,186.0,111.0,1,1,1.4647552056572457,3.467135537287204,both_hit
44b6_7a302da0,53,226000000024,32.0,130.0,128.0,1,1,0.8125,0.224223962643421,both_hit
44b6_7a302da0,53,226000000042,19.0,17.0,253.0,1,1,1.7235727791422095,2.110156593958702,both_hit
44b6_7a302da0,73,246000000004,45.0,130.0,33.0,1,1,2.7252078475778685,2.4741767179368503,both_hit
44b6_7a302da0,73,246000000005,53.0,150.0,75.0,1,1,0.9084026158592896,0.406139531454277,both_hit
44b6_7a302da0,73,246000000019,27.0,30.0,211.0,1,1,0.9084026158592896,2.1017075231889994,both_hit
44b6_9bfa6a0a,0,180000000015,51.0,152.0,105.0,1,1,0.40625,2.3748932769377977,both_hit
44b6_9bfa6a0a,0,180000000041,34.0,120.0,129.0,1,1,2.6012692214570947,3.0717121194485326,both_hit
44b6_9bfa6a0a,0,180000000042,50.0,83.0,183.0,1,1,1.284675299443404,1.0905528281412933,both_hit
44b6_9bfa6a0a,0,180000000070,58.0,23.0,235.0,1,1,1.7235727791422095,1.9481326411355133,both_hit
44b6_9bfa6a0a,0,180000000071,49.0,88.0,154.0,1,1,0.8125,0.6638488144548818,both_hit
44b6_9bfa6a0a,7,187000000015,52.0,150.0,114.0,1,1,1.1490485194281397,0.3207433074695849,both_hit
44b6_9bfa6a0a,7,187000000041,34.0,118.0,124.0,1,1,1.8168052317185792,1.525861156219513,both_hit
44b6_9bfa6a0a,7,187000000042,48.0,78.0,177.0,1,1,3.374565944310468,2.4958560929417097,both_hit
44b6_9bfa6a0a,13,193000000015,51.0,148.0,119.0,1,1,0.40625,0.8359890829722125,both_hit
44b6_9bfa6a0a,13,193000000040,33.0,119.0,125.0,1,1,2.0714766773970688,2.8689640555369795,both_hit
44b6_9bfa6a0a,13,193000000041,49.0,79.0,179.0,1,1,0.5745242597140698,0.9649338853919386,both_hit
44b6_9bfa6a0a,53,233000000037,34.0,131.0,130.0,1,1,2.1877232028983924,2.6831389989290435,both_hit
44b6_9bfa6a0a,53,233000000038,48.0,77.0,190.0,1,1,3.1729139308370784,1.5954099543734783,both_hit
44b6_9bfa6a0a,73,253000000035,31.0,132.0,135.0,1,1,3.471001521535247,0.59857028855537,both_hit
44b6_9bfa6a0a,73,253000000036,48.0,70.0,178.0,1,1,1.9902104160113323,1.4600156147856043,both_hit
44b6_9bfa6a0a,79,259000000033,31.0,130.0,133.0,1,1,2.1877232028983924,2.410959389444553,both_hit
44b6_9bfa6a0a,79,259000000034,48.0,70.0,176.0,1,1,2.4375,1.7217630895747291,both_hit
44b6_9bfa6a0a,92,272000000031,32.0,133.0,133.0,1,1,2.0714766773970688,5.134008137112354,both_hit
44b6_9bfa6a0a,92,272000000032,48.0,75.0,176.0,1,1,2.03125,2.276140884018069,both_hit
44b6_d29c9ab2,7,15000000005,23.0,134.0,120.0,1,1,0.8125,0.9333926262172496,both_hit
44b6_d29c9ab2,7,15000000009,40.0,84.0,182.0,1,1,1.8168052317185792,0.5237410235861626,both_hit
44b6_d29c9ab2,7,15000000011,9.0,129.0,62.0,1,1,1.86167137607581,1.1470079310701757,both_hit
44b6_d29c9ab2,7,15000000045,7.0,189.0,94.0,1,1,0.9084026158592896,0.3532624517953449,both_hit
44b6_d29c9ab2,7,15000000051,18.0,190.0,238.0,1,1,1.1490485194281397,0.5679229373112537,both_hit
44b6_d29c9ab2,7,15000000053,51.0,45.0,225.0,1,1,0.5745242597140698,0.3257267423919835,both_hit
44b6_d29c9ab2,7,15000000057,16.0,93.0,129.0,1,1,1.7235727791422095,0.807630332058844,both_hit
44b6_d29c9ab2,7,15000000059,20.0,205.0,221.0,1,1,0.5745242597140698,0.45861156351405674,both_hit
44b6_d29c9ab2,7,15000000071,35.0,104.0,237.0,1,1,0.40625,0.6875600139363427,both_hit
44b6_d29c9ab2,7,15000000072,39.0,15.0,211.0,1,1,0.5745242597140698,0.2578797220962099,both_hit
44b6_d29c9ab2,7,15000000073,29.0,3.0,151.0,1,1,1.7235727791422095,0.8677591321251522,both_hit
44b6_d29c9ab2,26,34000000006,16.0,207.0,109.0,1,1,0.5745242597140698,1.3376380225439906,both_hit
44b6_d29c9ab2,26,34000000010,33.0,125.0,141.0,1,1,1.7235727791422095,0.18351192161059285,both_hit
44b6_d29c9ab2,26,34000000012,1.0,223.0,68.0,1,1,3.471001521535247,2.609432392969386,both_hit
44b6_d29c9ab2,26,34000000033,22.0,32.0,158.0,1,1,1.8168052317185792,0.6330455562928925,both_hit
44b6_d29c9ab2,26,34000000035,24.0,103.0,230.0,1,1,0.9084026158592896,1.273706986426454,both_hit
44b6_d29c9ab2,26,34000000037,38.0,102.0,251.0,1,1,0.9084026158592896,0.772053127238736,both_hit
44b6_d29c9ab2,26,34000000055,19.0,217.0,220.0,1,1,0.40625,0.19294069696119664,both_hit
44b6_d29c9ab2,26,34000000057,46.0,92.0,215.0,1,1,0.40625,3.7210124414679346,both_hit
44b6_d29c9ab2,26,34000000061,14.0,131.0,124.0,1,1,1.6750116604071745,1.0939742254365297,both_hit
44b6_d29c9ab2,26,34000000063,14.0,226.0,210.0,1,1,1.9902104160113323,1.43013366644263,both_hit
44b6_d29c9ab2,26,34000000064,13.0,217.0,254.0,1,1,1.86167137607581,0.9588660235643895,both_hit
44b6_d29c9ab2,26,34000000075,33.0,115.0,210.0,1,1,0.9084026158592896,0.9920484396679606,both_hit
44b6_d29c9ab2,26,34000000076,42.0,25.0,222.0,1,1,0.9084026158592896,0.8698981449434428,both_hit
44b6_d29c9ab2,26,34000000077,27.0,35.0,167.0,1,1,0.5745242597140698,0.6884505589117383,both_hit
44b6_d29c9ab2,46,54000000010,30.0,152.0,105.0,1,1,0.40625,0.04648875136885155,both_hit
44b6_d29c9ab2,46,54000000034,23.0,65.0,156.0,1,1,0.40625,1.03127524942491,both_hit
44b6_d29c9ab2,46,54000000036,26.0,122.0,212.0,1,1,1.8168052317185792,0.5788225499583455,both_hit
44b6_d29c9ab2,46,54000000037,17.0,54.0,32.0,1,1,0.8125,0.2551831075804021,both_hit
44b6_d29c9ab2,46,54000000038,40.0,106.0,241.0,1,1,0.9084026158592896,0.3621820093201594,both_hit
44b6_d29c9ab2,46,54000000055,40.0,173.0,228.0,1,1,1.6750116604071745,1.7447866928414668,both_hit
44b6_d29c9ab2,46,54000000056,17.0,242.0,184.0,1,1,0.8125,0.6927226285915286,both_hit
44b6_d29c9ab2,46,54000000058,47.0,133.0,212.0,1,1,0.40625,0.07847282228523741,both_hit
44b6_d29c9ab2,46,54000000062,13.0,167.0,103.0,1,1,2.0714766773970688,0.39859846626242157,both_hit
44b6_d29c9ab2,46,54000000065,16.0,214.0,223.0,1,1,0.9084026158592896,0.5235453465281725,both_hit
44b6_d29c9ab2,46,54000000076,34.0,136.0,213.0,1,1,0.40625,0.20979027729018243,both_hit
44b6_d29c9ab2,46,54000000077,40.0,30.0,211.0,1,1,0.9084026158592896,0.95889687180884,both_hit
44b6_d29c9ab2,46,54000000078,30.0,69.0,163.0,1,1,0.5745242597140698,0.2772591891419961,both_hit
44b6_d29c9ab2,59,67000000010,33.0,161.0,82.0,1,1,0.9084026158592896,0.8557623505072969,both_hit
44b6_d29c9ab2,59,67000000035,28.0,59.0,136.0,1,1,1.6750116604071745,1.4453390199400167,both_hit
44b6_d29c9ab2,59,67000000037,26.0,120.0,189.0,1,1,2.03125,1.6121734478298908,both_hit
44b6_d29c9ab2,59,67000000038,22.0,60.0,19.0,1,1,0.40625,0.19357277111599225,both_hit
44b6_d29c9ab2,59,67000000039,44.0,96.0,213.0,1,1,0.40625,1.1963018687907006,both_hit
44b6_d29c9ab2,59,67000000052,52.0,57.0,221.0,1,1,0.5745242597140698,5.613698369055537,both_hit
44b6_d29c9ab2,59,67000000056,43.0,165.0,183.0,1,1,0.5745242597140698,1.9128017672462267,both_hit
44b6_d29c9ab2,59,67000000057,19.0,240.0,138.0,1,1,0.8125,0.5469061627210177,both_hit
44b6_d29c9ab2,59,67000000059,49.0,130.0,201.0,1,1,1.86167137607581,0.752140143552621,both_hit
44b6_d29c9ab2,59,67000000063,14.0,169.0,79.0,1,1,0.5745242597140698,0.27624865365587564,both_hit
44b6_d29c9ab2,59,67000000066,15.0,195.0,192.0,1,1,1.6750116604071745,1.1117876014601336,both_hit
44b6_d29c9ab2,59,67000000078,34.0,127.0,187.0,1,1,0.5745242597140698,0.6182889672049401,both_hit
44b6_d29c9ab2,59,67000000079,42.0,13.0,182.0,1,1,1.86167137607581,1.2475890866719401,both_hit
44b6_d29c9ab2,59,67000000080,33.0,63.0,137.0,1,1,0.5745242597140698,0.32963713381233234,both_hit
44b6_d29c9ab2,79,87000000012,33.0,157.0,71.0,1,1,0.5745242597140698,0.24572101211405442,both_hit
44b6_d29c9ab2,79,87000000040,31.0,79.0,138.0,1,1,0.9084026158592896,0.39765381044013975,both_hit
44b6_d29c9ab2,79,87000000042,27.0,129.0,167.0,1,1,1.7235727791422095,0.3801677211464144,both_hit
44b6_d29c9ab2,79,87000000043,35.0,59.0,53.0,1,1,0.5745242597140698,0.8430588101877347,both_hit
44b6_d29c9ab2,79,87000000044,44.0,94.0,196.0,1,1,0.8125,0.33708614842756507,both_hit
44b6_d29c9ab2,79,87000000057,55.0,29.0,218.0,1,1,1.86167137607581,1.3983859107123418,both_hit
44b6_d29c9ab2,79,87000000062,47.0,169.0,168.0,1,1,2.333728575156074,2.91819046893446,both_hit
44b6_d29c9ab2,79,87000000065,56.0,115.0,190.0,1,1,0.9084026158592896,1.341968277318807,both_hit
44b6_d29c9ab2,79,87000000069,11.0,193.0,71.0,1,1,0.5745242597140698,0.434559605798535,both_hit
44b6_d29c9ab2,79,87000000072,13.0,216.0,180.0,1,1,0.0,1.231292390841973,both_hit
44b6_d29c9ab2,79,87000000083,35.0,139.0,189.0,1,1,1.284675299443404,0.4690750556908332,both_hit
44b6_d29c9ab2,79,87000000084,41.0,7.0,171.0,1,1,1.7235727791422095,0.7338844634292856,both_hit
44b6_d29c9ab2,79,87000000085,38.0,93.0,138.0,1,1,0.9084026158592896,0.682850396635249,both_hit
44b6_d29c9ab2,86,94000000012,34.0,172.0,62.0,1,1,0.8125,0.4415655748841516,both_hit
44b6_d29c9ab2,86,94000000040,34.0,96.0,138.0,1,1,1.8168052317185792,1.4780964476264657,both_hit
44b6_d29c9ab2,86,94000000042,27.0,138.0,154.0,1,1,1.1490485194281397,0.7741985913216717,both_hit
44b6_d29c9ab2,86,94000000043,40.0,74.0,63.0,1,1,0.9084026158592896,0.4282268908456923,both_hit
44b6_d29c9ab2,86,94000000044,44.0,110.0,192.0,1,1,1.8168052317185792,2.0292328760689093,both_hit
44b6_d29c9ab2,86,94000000056,57.0,28.0,210.0,1,1,0.8125,1.6719319525055294,both_hit
44b6_d29c9ab2,86,94000000061,48.0,178.0,157.0,1,1,1.4647552056572457,0.7250429510998739,both_hit
44b6_d29c9ab2,86,94000000064,56.0,115.0,185.0,1,1,1.7235727791422095,2.9950661682272566,both_hit
44b6_d29c9ab2,86,94000000068,13.0,216.0,56.0,1,1,0.0,0.3701899382089613,both_hit
44b6_d29c9ab2,86,94000000081,36.0,158.0,180.0,1,1,1.8168052317185792,2.4725938781018666,both_hit
44b6_d29c9ab2,86,94000000082,43.0,23.0,169.0,1,1,1.7235727791422095,2.8770830980687787,both_hit
44b6_d29c9ab2,86,94000000083,41.0,103.0,137.0,1,1,0.5745242597140698,0.2854948519581243,both_hit
44b6_f28707c6,18,19000000078,10.0,245.0,212.0,1,1,0.40625,6.831541304708885,both_hit
44b6_f28707c6,43,44000000080,29.0,137.0,149.0,1,1,1.7235727791422095,1.9390551561035962,both_hit
44b6_f28707c6,55,56000000082,38.0,78.0,107.0,1,1,3.374565944310468,1.0333226310475476,both_hit
44b6_f28707c6,64,65000000083,49.0,46.0,67.0,1,1,1.86167137607581,1.7613288809079768,both_hit
44b6_f28707c6,68,69000000084,49.0,24.0,54.0,1,1,0.8125,0.2751250477661881,both_hit
44b6_f28707c6,72,73000000085,51.0,1.0,45.0,1,1,1.7235727791422095,1.2473216373348077,both_hit
6bba_05b6850b,0,1000001,11.0,83.0,98.0,1,1,1.86167137607581,2.4050277958809105,both_hit
6bba_05b6850b,0,1000002,12.0,22.0,42.0,1,1,1.1490485194281397,1.614141718958298,both_hit
6bba_05b6850b,0,1000003,12.0,187.0,242.0,1,1,3.374565944310468,0.9088704898203075,both_hit
6bba_05b6850b,0,1000006,36.0,134.0,212.0,1,1,1.8168052317185792,3.3112685377609616,both_hit
6bba_05b6850b,0,1000008,59.0,6.0,117.0,1,1,0.9084026158592896,1.587363544840266,both_hit
6bba_05b6850b,0,1000010,60.0,106.0,244.0,1,1,1.8168052317185792,5.4016830320377816,both_hit
6bba_05b6850b,7,8000062,6.0,195.0,243.0,1,1,1.284675299443404,0.23520604307612586,both_hit
6bba_05b6850b,7,8000063,9.0,96.0,107.0,1,1,0.40625,1.5648176686991766,both_hit
6bba_05b6850b,7,8000064,12.0,29.0,44.0,1,1,1.6750116604071745,1.8246433192325102,both_hit
6bba_05b6850b,7,8000065,32.0,136.0,197.0,1,1,3.2752922102462856,2.756241051242456,both_hit
6bba_05b6850b,7,8000067,56.0,114.0,241.0,1,1,1.86167137607581,2.8732774147445115,both_hit
6bba_05b6850b,7,8000068,59.0,11.0,118.0,1,1,1.4647552056572457,2.620184683342147,both_hit
6bba_05b6850b,13,14000110,4.0,199.0,237.0,1,1,1.284675299443404,1.282924865183359,both_hit
6bba_05b6850b,13,14000111,9.0,97.0,101.0,1,1,1.7235727791422095,2.0558486078857268,both_hit
6bba_05b6850b,13,14000112,12.0,33.0,41.0,1,1,1.7235727791422095,2.2171456520351893,both_hit
6bba_05b6850b,13,14000114,30.0,138.0,185.0,1,1,1.86167137607581,0.8665825676668385,both_hit
6bba_05b6850b,13,14000115,55.0,122.0,237.0,1,1,0.9084026158592896,1.6067800214550638,both_hit
6bba_05b6850b,13,14000116,57.0,107.0,156.0,1,1,1.6750116604071745,2.34578039094946,both_hit
6bba_05b6850b,13,14000117,58.0,14.0,108.0,1,1,3.350023320814349,2.6282865536758564,both_hit
6bba_05b6850b,20,21000171,3.0,201.0,223.0,1,1,2.368824207280903,0.5665796566023719,both_hit
6bba_05b6850b,20,21000172,10.0,100.0,93.0,1,1,3.832554834897995,2.6584496712461063,both_hit
6bba_05b6850b,20,21000173,12.0,35.0,36.0,1,1,1.6750116604071745,1.8082524349160494,both_hit
6bba_05b6850b,20,21000174,28.0,144.0,175.0,1,1,1.6750116604071745,1.731372504935486,both_hit
6bba_05b6850b,20,21000176,37.0,180.0,249.0,1,1,3.2752922102462856,3.3249882745193804,both_hit
6bba_05b6850b,20,21000177,54.0,134.0,233.0,1,1,1.86167137607581,1.7795429324095182,both_hit
6bba_05b6850b,20,21000178,58.0,19.0,101.0,1,1,2.0714766773970688,3.3055685059458044,both_hit
6bba_05b6850b,20,21000179,60.0,97.0,142.0,1,1,1.86167137607581,1.101932823771184,both_hit
6bba_05b6850b,73,74000687,3.0,196.0,172.0,1,1,1.625,0.7926865288201661,both_hit
6bba_05b6850b,73,74000688,16.0,23.0,12.0,1,1,2.6012692214570947,0.9595609285704672,both_hit
6bba_05b6850b,73,74000689,19.0,98.0,68.0,1,1,2.9295104113144914,2.1246343922636415,both_hit
6bba_05b6850b,73,74000690,20.0,182.0,143.0,1,1,2.1877232028983924,4.990766794857987,both_hit
6bba_05b6850b,73,74000692,33.0,126.0,108.0,1,1,2.4375,5.290395307364694,both_hit
6bba_05b6850b,73,74000694,24.0,232.0,214.0,1,1,0.8125,0.2819194105063418,both_hit
6bba_05b6850b,73,74000695,26.0,240.0,239.0,1,1,2.03125,0.8832581489032778,both_hit
6bba_05b6850b,73,74000696,37.0,190.0,187.0,1,1,5.465534769123694,6.615973194309323,both_hit
6bba_05b6850b,73,74000697,60.0,15.0,43.0,1,1,2.0714766773970688,2.5171641851301945,both_hit
6bba_05b6850b,73,74000698,60.0,195.0,236.0,1,1,2.6012692214570947,1.7828550274445816,both_hit
6bba_05b6850b,73,74000699,61.0,136.0,165.0,1,1,3.471001521535247,2.4772836218336547,both_hit
6bba_05b6850b,86,87000839,5.0,190.0,166.0,1,1,1.9902104160113323,2.853960339851651,both_hit
6bba_05b6850b,86,87000840,20.0,17.0,10.0,1,1,3.5648292823780494,3.7835893515432657,both_hit
6bba_05b6850b,86,87000841,19.0,217.0,187.0,1,1,3.300390601883359,3.010763562501151,both_hit
6bba_05b6850b,86,87000842,22.0,179.0,138.0,1,1,1.86167137607581,1.826919313357993,both_hit
6bba_05b6850b,86,87000843,22.0,91.0,65.0,1,1,1.7235727791422095,2.1419539800621523,both_hit
6bba_05b6850b,86,87000844,37.0,115.0,97.0,1,1,1.7235727791422095,2.1953941897985443,both_hit
6bba_05b6850b,86,87000845,41.0,182.0,176.0,1,1,5.450415695155737,5.734629497566889,both_hit
6bba_05b6850b,86,87000846,61.0,191.0,224.0,1,1,0.40625,2.2671549915786,both_hit
6bba_05b6850b,86,87000847,61.0,8.0,34.0,1,1,0.8125,1.0484597343122628,both_hit
6bba_05b6850b,86,87000848,62.0,130.0,156.0,1,1,1.8168052317185792,0.7808113103635588,both_hit
6bba_3a1849c2,20,21000214,3.0,67.0,101.0,1,1,0.5745242597140698,1.3494452096768834,both_hit
6bba_3a1849c2,20,21000215,7.0,208.0,233.0,1,1,1.6750116604071745,2.571410926287206,both_hit
6bba_3a1849c2,20,21000216,22.0,77.0,212.0,1,1,2.6012692214570947,6.149571447937361,both_hit
6bba_3a1849c2,20,21000217,21.0,141.0,166.0,1,1,1.86167137607581,2.0974856089335456,both_hit
6bba_3a1849c2,20,21000218,30.0,23.0,26.0,1,1,0.9084026158592896,1.0306662171918974,both_hit
6bba_3a1849c2,20,21000219,39.0,68.0,180.0,1,0,2.8145825622994254,,pilkwang_only_hit
6bba_3a1849c2,20,21000220,39.0,130.0,139.0,1,1,1.86167137607581,2.309937836299276,both_hit
6bba_3a1849c2,20,21000221,40.0,238.0,217.0,1,1,3.374565944310468,2.2443314284565403,both_hit
6bba_3a1849c2,20,21000223,62.0,193.0,198.0,1,1,1.4647552056572457,0.18341618086450154,both_hit
6bba_3a1849c2,20,21000224,62.0,129.0,80.0,1,1,1.21875,0.42014335171983386,both_hit
6bba_3a1849c2,33,34000340,2.0,66.0,86.0,1,1,1.1490485194281397,1.4125703495153445,both_hit
6bba_3a1849c2,33,34000341,4.0,197.0,214.0,1,1,0.9084026158592896,0.8048208206284436,both_hit
6bba_3a1849c2,33,34000342,18.0,74.0,201.0,1,0,3.374565944310468,,pilkwang_only_hit
6bba_3a1849c2,33,34000343,19.0,141.0,152.0,1,1,0.40625,1.7462289497084085,both_hit
6bba_3a1849c2,33,34000344,29.0,22.0,18.0,1,1,1.9902104160113323,2.646219991324116,both_hit
6bba_3a1849c2,33,34000345,35.0,62.0,173.0,1,0,3.917733121653388,,pilkwang_only_hit
6bba_3a1849c2,33,34000347,34.0,129.0,129.0,1,1,1.7235727791422095,1.9674642497520316,both_hit
6bba_3a1849c2,33,34000348,35.0,238.0,209.0,1,1,1.86167137607581,4.3240131309457075,both_hit
6bba_3a1849c2,33,34000349,62.0,150.0,82.0,1,1,1.1490485194281397,0.7896817368093578,both_hit
6bba_3a1849c2,59,60000635,2.0,186.0,211.0,1,1,0.9084026158592896,0.5074771587929514,both_hit
6bba_3a1849c2,59,60000636,12.0,131.0,148.0,1,1,2.03125,1.852730235849611,both_hit
6bba_3a1849c2,59,60000637,14.0,67.0,199.0,1,0,3.494694639736067,,pilkwang_only_hit
6bba_3a1849c2,59,60000639,24.0,28.0,23.0,1,1,2.03125,1.3473133574612062,both_hit
6bba_3a1849c2,59,60000640,26.0,221.0,205.0,1,1,3.300390601883359,2.5576362469798712,both_hit
6bba_3a1849c2,59,60000641,28.0,58.0,173.0,1,0,1.86167137607581,,pilkwang_only_hit
6bba_3a1849c2,59,60000642,27.0,124.0,128.0,1,1,1.625,1.4564214307817698,both_hit
6bba_3a1849c2,59,60000643,56.0,47.0,7.0,1,1,1.7235727791422095,4.420995713639195,both_hit
6bba_3a1849c2,59,60000644,60.0,114.0,138.0,1,1,3.447145558284419,4.025516249679211,both_hit
6bba_3a1849c2,59,60000645,60.0,186.0,182.0,1,1,1.1490485194281397,5.637651490087246,both_hit
6bba_3a1849c2,59,60000646,60.0,235.0,148.0,1,1,2.6012692214570947,1.4104007259567262,both_hit
6bba_3a1849c2,59,60000647,61.0,179.0,109.0,1,1,0.5745242597140698,0.31944328658641274,both_hit
6bba_3a1849c2,66,67000736,1.0,182.0,211.0,1,1,1.4647552056572457,0.9789219338786023,both_hit
6bba_3a1849c2,66,67000737,8.0,125.0,149.0,1,1,1.7235727791422095,1.486069203195595,both_hit
6bba_3a1849c2,66,67000738,11.0,58.0,192.0,1,0,3.350023320814349,,pilkwang_only_hit
6bba_3a1849c2,66,67000739,22.0,25.0,24.0,1,1,2.03125,1.5463379282715757,both_hit
6bba_3a1849c2,66,67000741,26.0,55.0,172.0,1,1,3.2752922102462856,2.9645901535949175,both_hit
6bba_3a1849c2,66,67000742,24.0,122.0,134.0,1,1,1.9902104160113323,1.055922873564435,both_hit
6bba_3a1849c2,66,67000743,24.0,216.0,208.0,1,1,1.625,1.5407501455270516,both_hit
6bba_3a1849c2,66,67000744,38.0,15.0,3.0,1,1,5.041429918683786,3.007487804494025,both_hit
6bba_3a1849c2,66,67000745,53.0,46.0,12.0,1,1,3.350023320814349,2.512167508876665,both_hit
6bba_3a1849c2,66,67000747,59.0,19.0,38.0,1,1,3.1729139308370784,3.132677420699703,both_hit
6bba_3a1849c2,66,67000749,59.0,228.0,160.0,1,1,1.625,2.3524555197790273,both_hit
6bba_3a1849c2,66,67000750,59.0,184.0,190.0,1,0,2.9295104113144914,,pilkwang_only_hit
6bba_3a1849c2,66,67000752,60.0,130.0,150.0,1,1,2.569350598886808,2.7722472163989926,both_hit
6bba_3a1849c2,66,67000753,60.0,178.0,116.0,1,1,1.8168052317185792,1.8473047912710856,both_hit
6bba_3a1849c2,73,74000854,4.0,120.0,152.0,1,1,0.0,0.899666854276358,both_hit
6bba_3a1849c2,73,74000855,7.0,54.0,198.0,1,0,1.1490485194281397,,pilkwang_only_hit
6bba_3a1849c2,73,74000856,19.0,23.0,32.0,1,1,2.333728575156074,0.9897171531062139,both_hit
6bba_3a1849c2,73,74000857,22.0,122.0,140.0,1,1,1.8168052317185792,1.3364204886986988,both_hit
6bba_3a1849c2,73,74000858,22.0,216.0,212.0,1,1,1.625,3.0853519907496674,both_hit
6bba_3a1849c2,73,74000859,24.0,53.0,181.0,1,0,2.0714766773970688,,pilkwang_only_hit
6bba_3a1849c2,73,74000860,36.0,12.0,6.0,1,1,1.8168052317185792,1.6232135738678684,both_hit
6bba_3a1849c2,73,74000861,50.0,38.0,16.0,1,1,3.350023320814349,3.3505562877632413,both_hit
6bba_3a1849c2,73,74000862,55.0,30.0,79.0,1,1,0.9084026158592896,1.3824033475229045,both_hit
6bba_3a1849c2,73,74000863,58.0,22.0,53.0,1,1,1.86167137607581,2.9497863115634178,both_hit
6bba_3a1849c2,73,74000865,58.0,177.0,201.0,1,0,2.0714766773970688,,pilkwang_only_hit
6bba_3a1849c2,73,74000866,58.0,231.0,165.0,1,1,2.0714766773970688,2.380330271118367,both_hit
6bba_3a1849c2,73,74000867,59.0,179.0,123.0,1,1,1.7235727791422095,2.6775723071074036,both_hit
6bba_3a1849c2,73,74000869,60.0,123.0,157.0,1,1,4.33756303988772,5.540161619281391,both_hit
6bba_3a1849c2,73,74000870,61.0,73.0,97.0,1,1,2.632800908728193,1.9772410967208003,both_hit
6bba_3a1849c2,79,80000950,1.0,114.0,155.0,1,1,1.86167137607581,1.286189718925245,both_hit
6bba_3a1849c2,79,80000951,13.0,22.0,37.0,1,1,1.86167137607581,2.037775145964778,both_hit
6bba_3a1849c2,79,80000952,17.0,117.0,145.0,1,1,0.5745242597140698,0.8389364431729925,both_hit
6bba_3a1849c2,79,80000953,19.0,212.0,219.0,1,1,1.6750116604071745,1.2635702722424362,both_hit
6bba_3a1849c2,79,80000954,22.0,58.0,189.0,1,0,3.374565944310468,,pilkwang_only_hit
6bba_3a1849c2,79,80000956,31.0,11.0,11.0,1,1,2.0714766773970688,0.6978868718463515,both_hit
6bba_3a1849c2,79,80000957,44.0,33.0,23.0,1,1,3.300390601883359,4.423783938675299,both_hit
6bba_3a1849c2,79,80000959,55.0,227.0,175.0,1,1,1.7235727791422095,2.1067694771493137,both_hit
6bba_3a1849c2,79,80000960,57.0,186.0,210.0,1,0,1.1490485194281397,,pilkwang_only_hit
6bba_3a1849c2,79,80000961,58.0,130.0,166.0,1,1,4.1429533547941375,6.893260690180644,both_hit
6bba_3a1849c2,79,80000962,56.0,171.0,130.0,1,1,2.1877232028983924,1.3602323447145623,both_hit
6bba_3a1849c2,79,80000963,57.0,32.0,4.0,1,1,3.25,4.982299909862613,both_hit
6bba_3a1849c2,79,80000964,59.0,69.0,105.0,1,1,0.5745242597140698,0.6020624585843326,both_hit
6bba_6ca87370,13,14000049,4.0,47.0,196.0,1,1,0.40625,1.2963065018137907,both_hit
6bba_6ca87370,13,14000050,4.0,125.0,148.0,1,1,2.333728575156074,0.6936153235318381,both_hit
6bba_6ca87370,13,14000051,4.0,127.0,231.0,1,1,1.7235727791422095,0.7350141503235963,both_hit
6bba_6ca87370,13,14000052,7.0,32.0,149.0,1,1,1.6750116604071745,1.1132316149888026,both_hit
6bba_6ca87370,33,34000184,5.0,64.0,16.0,1,1,0.0,0.7091249216164162,both_hit
6bba_6ca87370,33,34000185,4.0,179.0,180.0,1,1,1.21875,0.2959845488020866,both_hit
6bba_6ca87370,33,34000186,4.0,219.0,125.0,1,1,1.284675299443404,0.5956758790840965,both_hit
6bba_6ca87370,33,34000187,10.0,7.0,33.0,1,1,1.284675299443404,0.38179142374334124,both_hit
6bba_6ca87370,33,34000188,10.0,46.0,146.0,1,1,1.9902104160113323,2.0157241666284094,both_hit
6bba_6ca87370,33,34000189,19.0,62.0,167.0,1,1,1.86167137607581,1.6466851049500377,both_hit
6bba_6ca87370,33,34000190,11.0,108.0,140.0,1,1,1.625,0.8109454367278875,both_hit
6bba_6ca87370,33,34000191,27.0,11.0,208.0,1,1,1.6750116604071745,2.198262552456782,both_hit
6bba_6ca87370,33,34000192,28.0,105.0,241.0,1,1,1.7235727791422095,0.9515110563390597,both_hit
6bba_6ca87370,40,41000248,4.0,97.0,16.0,1,1,1.6750116604071745,1.0187637378059653,both_hit
6bba_6ca87370,40,41000249,4.0,216.0,181.0,1,1,0.40625,0.5583469968525148,both_hit
6bba_6ca87370,40,41000250,3.0,242.0,119.0,1,1,1.4647552056572457,0.688059777621812,both_hit
6bba_6ca87370,40,41000251,9.0,27.0,29.0,1,1,2.0714766773970688,0.9820436345860298,both_hit
6bba_6ca87370,40,41000252,10.0,71.0,143.0,1,0,3.494694639736067,,pilkwang_only_hit
6bba_6ca87370,40,41000253,18.0,91.0,163.0,1,1,3.494694639736067,2.5954940103128776,both_hit
6bba_6ca87370,40,41000254,10.0,140.0,137.0,1,1,1.6750116604071745,0.7566489790389092,both_hit
6bba_6ca87370,40,41000256,27.0,32.0,207.0,1,1,1.6750116604071745,1.9118101123736109,both_hit
6bba_6ca87370,40,41000257,28.0,133.0,239.0,1,1,0.5745242597140698,1.3157179176417397,both_hit
6bba_6ca87370,79,80000778,23.0,222.0,48.0,1,1,6.550584420492571,2.836193611674945,both_hit
6bba_6ca87370,79,80000779,29.0,10.0,29.0,1,1,1.86167137607581,1.9706002548694104,both_hit
6bba_6ca87370,79,80000780,29.0,166.0,5.0,1,1,0.9084026158592896,6.041395961400179,both_hit
6bba_6ca87370,79,80000781,28.0,252.0,60.0,1,1,1.625,1.090081379806642,both_hit
6bba_6ca87370,79,80000782,30.0,28.0,69.0,1,1,0.40625,0.49528691897663174,both_hit
6bba_6ca87370,79,80000783,31.0,69.0,64.0,1,1,1.6750116604071745,2.4618908186743074,both_hit
6bba_6ca87370,79,80000784,36.0,104.0,47.0,1,1,3.2752922102462856,4.2236216579159755,both_hit
6bba_6ca87370,79,80000785,36.0,206.0,83.0,1,1,0.9084026158592896,2.4291445904670526,both_hit
6bba_6ca87370,79,80000786,40.0,78.0,122.0,1,1,1.9902104160113323,0.9929904060952659,both_hit
6bba_6ca87370,79,80000787,41.0,9.0,239.0,1,1,2.0714766773970688,1.361855058658404,both_hit
6bba_6ca87370,79,80000788,38.0,71.0,183.0,1,1,0.5745242597140698,1.2761512296642632,both_hit
6bba_6ca87370,79,80000789,41.0,107.0,190.0,1,1,2.1877232028983924,1.4747490056697088,both_hit
6bba_6ca87370,79,80000790,46.0,81.0,180.0,1,1,3.2752922102462856,1.0527044623260609,both_hit
6bba_6ca87370,79,80000793,42.0,148.0,127.0,1,1,0.40625,2.410960078048448,both_hit
6bba_6ca87370,79,80000794,45.0,242.0,125.0,1,1,1.86167137607581,2.592422130135228,both_hit
6bba_6ca87370,79,80000796,52.0,191.0,184.0,1,1,1.21875,0.732272972938201,both_hit
6bba_6ca87370,79,80000797,59.0,229.0,209.0,1,1,3.300390601883359,1.9312106030326994,both_hit
6bba_6ca87370,79,80000798,18.0,248.0,45.0,1,1,1.6750116604071745,1.110283198302249,both_hit
6bba_6ca87370,86,87000918,26.0,248.0,29.0,1,1,1.6750116604071745,0.4370805114523242,both_hit
6bba_6ca87370,86,87000919,32.0,36.0,16.0,1,1,2.2980970388562794,1.5095543685329964,both_hit
6bba_6ca87370,86,87000920,34.0,5.0,127.0,1,1,3.494694639736067,3.194649264346571,both_hit
6bba_6ca87370,86,87000921,34.0,5.0,151.0,1,1,1.7235727791422095,2.4010089571546622,both_hit
6bba_6ca87370,86,87000923,41.0,117.0,29.0,1,1,2.0714766773970688,4.952758604656987,both_hit
6bba_6ca87370,86,87000925,41.0,19.0,224.0,1,1,0.40625,0.5890134463160733,both_hit
6bba_6ca87370,86,87000926,40.0,88.0,154.0,1,1,0.8125,0.6615802631977695,both_hit
6bba_6ca87370,86,87000927,42.0,116.0,151.0,1,1,0.40625,1.3325623355285074,both_hit
6bba_6ca87370,86,87000928,47.0,92.0,158.0,1,1,1.8168052317185792,0.775567018403101,both_hit
6bba_6ca87370,86,87000931,42.0,217.0,56.0,1,1,1.6750116604071745,6.328480535510197,both_hit
6bba_6ca87370,86,87000932,44.0,83.0,106.0,1,1,0.9084026158592896,0.9999030122309652,both_hit
6bba_6ca87370,86,87000933,47.0,155.0,105.0,1,1,1.7235727791422095,3.5732070931689055,both_hit
6bba_6ca87370,86,87000934,49.0,163.0,201.0,1,1,1.7235727791422095,2.729645234252227,both_hit
6bba_6ca87370,86,87000935,50.0,246.0,96.0,1,1,0.8125,0.9610237339734086,both_hit
6bba_6ca87370,86,87000936,53.0,166.0,244.0,1,1,1.8168052317185792,2.269167115874657,both_hit
6bba_6ca87370,86,87000937,56.0,201.0,155.0,1,1,0.5745242597140698,0.42994976510608285,both_hit
6bba_6ca87370,86,87000938,60.0,236.0,178.0,1,1,1.8168052317185792,1.4345113274150127,both_hit
6bba_6ca87370,99,100001185,36.0,11.0,126.0,1,1,0.9084026158592896,3.9508976882338773,both_hit
6bba_6ca87370,99,100001186,34.0,40.0,126.0,1,1,1.8168052317185792,2.644129536026881,both_hit
6bba_6ca87370,99,100001187,34.0,55.0,87.0,1,1,2.0714766773970688,3.6379535130519995,both_hit
6bba_6ca87370,99,100001189,39.0,38.0,203.0,1,1,0.9084026158592896,2.513509051289463,both_hit
6bba_6ca87370,99,100001190,41.0,136.0,102.0,1,1,0.8125,1.7714554768649262,both_hit
6bba_6ca87370,99,100001191,44.0,103.0,66.0,1,1,1.86167137607581,3.169294659911337,both_hit
6bba_6ca87370,99,100001192,44.0,106.0,120.0,1,1,1.8168052317185792,3.1671079055921716,both_hit
6bba_6ca87370,99,100001193,44.0,157.0,98.0,1,1,1.86167137607581,1.203208769364716,both_hit
6bba_6ca87370,99,100001195,49.0,233.0,12.0,1,1,0.40625,0.8173214056322872,both_hit
6bba_6ca87370,99,100001196,51.0,189.0,198.0,1,1,0.9084026158592896,2.3306426555493527,both_hit
6bba_6ca87370,99,100001197,51.0,205.0,146.0,1,1,1.86167137607581,2.248033033551138,both_hit
6bba_6ca87370,99,100001198,52.0,156.0,243.0,1,1,1.6750116604071745,3.563780919400181,both_hit
6bba_6ca87370,99,100001201,52.0,174.0,66.0,1,1,3.447145558284419,2.133969802883097,both_hit
6bba_6ca87370,99,100001202,55.0,213.0,104.0,1,1,5.154734625807618,2.840125501098664,both_hit
6bba_6ca87370,99,100001204,60.0,244.0,131.0,1,1,0.40625,0.7242690123819576,both_hit
6bba_969618f6,13,14000110,16.0,202.0,79.0,1,1,0.9084026158592896,0.7157287818195358,both_hit
6bba_969618f6,13,14000111,17.0,43.0,187.0,1,1,2.368824207280903,0.6852187378147422,both_hit
6bba_969618f6,13,14000112,20.0,19.0,202.0,1,1,1.86167137607581,3.6881049556744334,both_hit
6bba_969618f6,13,14000113,21.0,148.0,115.0,1,1,2.03125,0.3736732099221535,both_hit
6bba_969618f6,13,14000115,36.0,116.0,140.0,1,1,3.25,3.6437211153421347,both_hit
6bba_969618f6,13,14000116,37.0,11.0,194.0,1,1,1.4647552056572457,4.036094652674505,both_hit
6bba_969618f6,13,14000117,47.0,177.0,73.0,1,1,3.300390601883359,0.6446011459152388,both_hit
6bba_969618f6,26,27000219,8.0,84.0,172.0,1,1,0.0,0.8721891973980076,both_hit
6bba_969618f6,26,27000220,11.0,58.0,190.0,1,1,1.1490485194281397,1.0973437890733475,both_hit
6bba_969618f6,26,27000221,13.0,240.0,37.0,1,1,0.40625,0.5870304658848118,both_hit
6bba_969618f6,26,27000222,16.0,188.0,87.0,1,1,0.40625,0.4442016444395507,both_hit
6bba_969618f6,26,27000223,30.0,43.0,189.0,1,1,2.368824207280903,1.7864747000055545,both_hit
6bba_969618f6,26,27000224,30.0,147.0,122.0,1,1,3.374565944310468,2.1663647647156536,both_hit
6bba_969618f6,26,27000225,44.0,210.0,51.0,1,1,0.9084026158592896,5.657724436120932,both_hit
6bba_969618f6,26,27000226,60.0,68.0,140.0,1,1,3.6336104634371584,1.1698997066392842,both_hit
6bba_969618f6,33,34000286,9.0,107.0,161.0,1,1,2.0714766773970688,2.058534243086893,both_hit
6bba_969618f6,33,34000287,9.0,80.0,175.0,1,1,1.6750116604071745,0.41502099235997203,both_hit
6bba_969618f6,33,34000289,13.0,253.0,10.0,1,1,1.86167137607581,0.9722353635403529,both_hit
6bba_969618f6,33,34000290,16.0,214.0,64.0,1,1,0.8125,2.3058388988266856,both_hit
6bba_969618f6,33,34000291,30.0,60.0,177.0,1,0,1.6750116604071745,,pilkwang_only_hit
6bba_969618f6,33,34000292,30.0,167.0,104.0,1,1,1.6750116604071745,4.71602869258039,both_hit
6bba_969618f6,33,34000293,44.0,228.0,30.0,1,1,1.8168052317185792,2.477212729520522,both_hit
6bba_969618f6,33,34000294,61.0,91.0,123.0,1,1,0.5745242597140698,0.5447058311343087,both_hit
6bba_969618f6,53,54000438,10.0,76.0,186.0,1,1,1.8168052317185792,5.00145015945113,both_hit
6bba_969618f6,53,54000439,26.0,137.0,122.0,1,1,1.86167137607581,2.8747124029935263,both_hit
6bba_969618f6,53,54000440,26.0,9.0,212.0,1,1,1.6750116604071745,1.527472178506225,both_hit
6bba_969618f6,53,54000441,30.0,231.0,37.0,1,1,1.284675299443404,2.2987871537582305,both_hit
6bba_969618f6,53,54000443,60.0,138.0,87.0,1,1,0.9084026158592896,1.342758662925463,both_hit
6bba_969618f6,53,54000444,7.0,158.0,115.0,1,1,1.86167137607581,1.8721712067623042,both_hit
6bba_969618f6,53,54000445,11.0,175.0,100.0,1,1,1.21875,1.607070353086769,both_hit
6bba_969618f6,53,54000446,4.0,202.0,74.0,1,1,1.1490485194281397,1.1193383943816042,both_hit
6bba_969618f6,79,80000685,6.0,240.0,13.0,1,1,3.2752922102462856,3.443208877829974,both_hit
6bba_969618f6,79,80000686,16.0,54.0,123.0,1,1,1.86167137607581,1.4622452219215565,both_hit
6bba_969618f6,79,80000687,27.0,76.0,102.0,1,1,3.350023320814349,3.1979880225998065,both_hit
6bba_969618f6,79,80000688,46.0,54.0,155.0,1,1,3.5648292823780494,1.3930382173367208,both_hit
6bba_969618f6,99,100000833,19.0,100.0,80.0,1,1,1.625,1.1291520949980893,both_hit
6bba_969618f6,99,100000836,41.0,81.0,86.0,1,1,0.9084026158592896,2.6447636139328834,both_hit
6bba_969618f6,99,100000837,50.0,159.0,7.0,1,1,1.284675299443404,0.5577316277067776,both_hit
6bba_969618f6,99,100000838,58.0,170.0,27.0,1,1,0.9084026158592896,1.8612404823951552,both_hit
6bba_d1acb6ff,0,1000008,25.0,140.0,151.0,1,1,0.40625,1.070680820119915,both_hit
6bba_d1acb6ff,0,1000014,52.0,158.0,145.0,1,1,3.374565944310468,2.2667997235758808,both_hit
6bba_d1acb6ff,7,8000100,25.0,167.0,109.0,1,1,1.7235727791422095,0.29969912827392364,both_hit
6bba_d1acb6ff,7,8000102,44.0,83.0,234.0,1,1,0.9084026158592896,0.8472974703495202,both_hit
6bba_d1acb6ff,7,8000104,47.0,166.0,127.0,1,1,2.1877232028983924,0.6249282773520046,both_hit
6bba_d1acb6ff,26,27000276,19.0,29.0,241.0,1,1,3.494694639736067,1.3142540285480049,both_hit
6bba_d1acb6ff,26,27000281,41.0,169.0,117.0,1,1,3.300390601883359,2.9386145618017374,both_hit
6bba_d1acb6ff,26,27000282,45.0,213.0,16.0,1,1,1.6750116604071745,2.001872772678665,both_hit
6bba_d1acb6ff,26,27000283,45.0,88.0,235.0,1,1,1.6750116604071745,2.2438557093461164,both_hit
6bba_d1acb6ff,26,27000284,51.0,169.0,82.0,1,1,0.9084026158592896,2.2628360738556643,both_hit
6bba_d1acb6ff,40,41000451,10.0,82.0,162.0,1,1,3.447145558284419,3.1497922048972584,both_hit
6bba_d1acb6ff,40,41000459,35.0,72.0,215.0,1,1,1.6750116604071745,1.2892236523909297,both_hit
6bba_d1acb6ff,40,41000460,34.0,137.0,139.0,1,1,0.5745242597140698,0.7747175536217608,both_hit
6bba_d1acb6ff,40,41000461,46.0,107.0,192.0,1,1,2.03125,4.568211636235192,both_hit
6bba_d1acb6ff,53,54000641,22.0,11.0,172.0,1,1,1.6750116604071745,0.50263359030287,both_hit
6bba_d1acb6ff,53,54000642,21.0,13.0,231.0,1,1,2.0714766773970688,1.1374538702336368,both_hit
6bba_d1acb6ff,53,54000643,21.0,135.0,95.0,1,1,2.368824207280903,1.488734784815644,both_hit
6bba_d1acb6ff,53,54000648,32.0,54.0,219.0,1,1,1.86167137607581,4.354024061245848,both_hit
6bba_d1acb6ff,53,54000649,38.0,123.0,54.0,1,1,3.5648292823780494,1.6015896981484115,both_hit
6bba_d1acb6ff,53,54000650,50.0,150.0,134.0,1,1,1.9902104160113323,3.2957945195339646,both_hit
6bba_d1acb6ff,53,54000652,57.0,89.0,218.0,1,1,1.86167137607581,0.5712673376054911,both_hit
6bba_d1acb6ff,53,54000654,60.0,181.0,99.0,1,1,1.7235727791422095,1.5781117036868244,both_hit
6bba_d1acb6ff,53,54000655,30.0,108.0,154.0,1,1,1.8168052317185792,1.3800082196237422,both_hit
6bba_d1acb6ff,53,54000656,22.0,94.0,153.0,1,1,1.86167137607581,0.7068385216873004,both_hit
6bba_d1acb6ff,73,74000960,4.0,34.0,96.0,1,1,0.8125,1.1859747045891753,both_hit
6bba_d1acb6ff,73,74000961,5.0,90.0,102.0,1,1,1.1490485194281397,0.2692931843999841,both_hit
6bba_d1acb6ff,73,74000962,1.0,120.0,32.0,1,1,0.0,0.3564791007733805,both_hit
6bba_d1acb6ff,73,74000965,8.0,55.0,153.0,1,1,0.5745242597140698,1.3875652948887491,both_hit
6bba_d1acb6ff,73,74000966,25.0,35.0,212.0,1,1,1.6750116604071745,0.6533350401105743,both_hit
6bba_d1acb6ff,73,74000967,25.0,165.0,42.0,1,1,0.9084026158592896,2.1399032654668497,both_hit
6bba_d1acb6ff,73,74000968,31.0,125.0,123.0,1,1,3.300390601883359,2.9154800254276916,both_hit
6bba_d1acb6ff,73,74000972,50.0,29.0,203.0,1,1,2.632800908728193,2.9465096622138445,both_hit
6bba_d1acb6ff,73,74000974,45.0,100.0,177.0,1,0,2.333728575156074,,pilkwang_only_hit
6bba_d1acb6ff,73,74000976,56.0,199.0,46.0,1,1,1.4647552056572457,1.9718026555737955,both_hit
6bba_d1acb6ff,73,74000977,60.0,34.0,216.0,1,1,1.8168052317185792,0.7320908289483347,both_hit
6bba_fe670320,7,8000102,42.0,57.0,195.0,1,1,1.7235727791422095,0.5543821412265765,both_hit
6bba_fe670320,7,8000103,51.0,64.0,199.0,1,1,1.21875,4.7381132183552275,both_hit
6bba_fe670320,7,8000105,48.0,75.0,146.0,1,1,1.86167137607581,0.7373387660980486,both_hit
6bba_fe670320,7,8000106,52.0,125.0,111.0,1,1,1.7235727791422095,1.418805364090884,both_hit
6bba_fe670320,7,8000107,56.0,92.0,45.0,1,1,3.2752922102462856,2.4444347739607646,both_hit
6bba_fe670320,7,8000108,58.0,210.0,158.0,1,1,3.447145558284419,2.866107895669644,both_hit
6bba_fe670320,7,8000109,58.0,183.0,30.0,1,1,0.9084026158592896,1.3632663084569179,both_hit
6bba_fe670320,7,8000112,60.0,23.0,77.0,1,1,2.0714766773970688,1.4811731380630577,both_hit
6bba_fe670320,7,8000113,60.0,88.0,96.0,1,1,0.0,0.7526658806752526,both_hit
6bba_fe670320,7,8000114,61.0,252.0,68.0,1,1,1.625,1.3309516570932964,both_hit
6bba_fe670320,7,8000115,61.0,32.0,24.0,1,1,1.625,1.3545351476444085,both_hit
6bba_fe670320,13,14000189,40.0,21.0,202.0,1,1,1.86167137607581,1.8616087486673398,both_hit
6bba_fe670320,13,14000190,41.0,110.0,235.0,1,1,1.4647552056572457,0.5471148334498875,both_hit
6bba_fe670320,13,14000191,51.0,103.0,215.0,1,1,2.0714766773970688,2.189165157183007,both_hit
6bba_fe670320,13,14000192,48.0,27.0,122.0,1,1,1.86167137607581,1.1849557054529218,both_hit
6bba_fe670320,13,14000193,48.0,116.0,181.0,1,1,1.6750116604071745,0.8475302545370047,both_hit
6bba_fe670320,13,14000194,53.0,23.0,42.0,1,1,2.1877232028983924,1.6121113869609225,both_hit
6bba_fe670320,13,14000195,54.0,177.0,131.0,1,1,1.7235727791422095,1.6648847300697498,both_hit
6bba_fe670320,13,14000196,58.0,136.0,67.0,1,1,3.2752922102462856,3.4971477792486003,both_hit
6bba_fe670320,13,14000197,57.0,248.0,162.0,1,1,0.8125,1.4733331882683425,both_hit
6bba_fe670320,13,14000198,59.0,226.0,49.0,1,1,1.86167137607581,1.1189462124586758,both_hit
6bba_fe670320,13,14000199,60.0,55.0,104.0,1,1,1.6750116604071745,0.6976648885142397,both_hit
6bba_fe670320,13,14000200,60.0,119.0,120.0,1,1,1.6750116604071745,1.0112011148314823,both_hit
6bba_fe670320,13,14000201,62.0,66.0,52.0,1,1,2.4375,1.4916724450012069,both_hit
6bba_fe670320,20,21000276,40.0,161.0,245.0,1,1,1.7235727791422095,1.07610594968824,both_hit
6bba_fe670320,20,21000277,39.0,79.0,220.0,1,1,1.6750116604071745,1.086380133973071,both_hit
6bba_fe670320,20,21000278,47.0,81.0,141.0,1,1,0.5745242597140698,0.528579850136897,both_hit
6bba_fe670320,20,21000279,47.0,162.0,190.0,1,1,1.9902104160113323,0.7096927610364921,both_hit
6bba_fe670320,20,21000280,52.0,228.0,131.0,1,1,2.6012692214570947,1.411306450532519,both_hit
6bba_fe670320,20,21000281,52.0,137.0,208.0,1,1,0.40625,1.042553924524263,both_hit
6bba_fe670320,20,21000282,53.0,70.0,47.0,1,1,1.86167137607581,0.5042055555487602,both_hit
6bba_fe670320,20,21000283,56.0,179.0,70.0,1,1,2.1877232028983924,2.102745467025422,both_hit
6bba_fe670320,20,21000284,60.0,89.0,112.0,1,1,1.6750116604071745,1.4482174788183069,both_hit
6bba_fe670320,20,21000285,60.0,152.0,117.0,1,1,1.6750116604071745,1.440855644276624,both_hit
6bba_fe670320,20,21000286,61.0,100.0,63.0,1,1,1.21875,0.4503787580355263,both_hit
6bba_fe670320,26,27000346,30.0,20.0,238.0,1,1,0.8125,0.5468726024479973,both_hit
6bba_fe670320,26,27000347,38.0,124.0,236.0,1,1,0.0,0.4722882355426527,both_hit
6bba_fe670320,26,27000348,39.0,204.0,246.0,1,1,0.8125,1.4302412318149171,both_hit
6bba_fe670320,26,27000349,46.0,209.0,189.0,1,1,0.5745242597140698,0.6349392041882377,both_hit
6bba_fe670320,26,27000350,48.0,124.0,153.0,1,1,1.6750116604071745,1.4488253976215821,both_hit
6bba_fe670320,26,27000351,48.0,2.0,39.0,1,1,1.86167137607581,1.4084859743470861,both_hit
6bba_fe670320,26,27000352,50.0,252.0,122.0,1,1,2.4375,1.6743695265466965,both_hit
6bba_fe670320,26,27000353,52.0,177.0,219.0,1,1,3.300390601883359,0.18277667628149508,both_hit
6bba_fe670320,26,27000354,54.0,103.0,49.0,1,1,1.7235727791422095,0.9239130954701246,both_hit
6bba_fe670320,26,27000355,56.0,216.0,71.0,1,1,2.03125,1.3178581287229711,both_hit
6bba_fe670320,26,27000356,60.0,127.0,112.0,1,1,1.6750116604071745,0.8853691353645985,both_hit
6bba_fe670320,26,27000357,60.0,193.0,117.0,1,1,1.7235727791422095,1.7360965220234308,both_hit
6bba_fe670320,26,27000358,61.0,142.0,60.0,1,1,0.8125,0.3339319223164545,both_hit
6bba_fe670320,46,47000531,29.0,128.0,182.0,1,1,0.8125,1.0829702906803473,both_hit
6bba_fe670320,46,47000532,36.0,84.0,113.0,1,1,1.6750116604071745,0.9892449896553227,both_hit
6bba_fe670320,46,47000533,42.0,10.0,13.0,1,1,0.9084026158592896,0.21791347071435924,both_hit
6bba_fe670320,46,47000534,49.0,197.0,36.0,1,1,2.6012692214570947,0.7276447741321458,both_hit
6bba_fe670320,73,74000762,25.0,146.0,124.0,1,1,1.8168052317185792,1.3236304394348555,both_hit
6bba_fe670320,73,74000763,26.0,241.0,136.0,1,1,1.6750116604071745,5.028422851818935,both_hit
6bba_fe670320,73,74000764,37.0,230.0,57.0,1,1,0.9084026158592896,0.467280901061405,both_hit
6bba_fe670320,73,74000765,39.0,144.0,222.0,1,1,0.8125,1.0491978222887606,both_hit
6bba_fe670320,73,74000766,41.0,106.0,183.0,1,1,0.9084026158592896,1.2919994260635579,both_hit
6bba_fe670320,73,74000768,43.0,96.0,6.0,1,1,1.8168052317185792,2.0086006815872266,both_hit
