video,t,gt_nodes,available_labeled_frames
44b6_0113de3b,31,1,52
44b6_0113de3b,34,1,52
44b6_0113de3b,41,1,52
44b6_0113de3b,55,1,52
44b6_0113de3b,58,1,52
44b6_0113de3b,61,1,52
44b6_0113de3b,68,1,52
44b6_3bb3690f,13,4,100
44b6_3bb3690f,26,4,100
44b6_3bb3690f,33,4,100
44b6_3bb3690f,53,4,100
44b6_3bb3690f,59,4,100
44b6_3bb3690f,66,4,100
44b6_3bb3690f,99,4,100
44b6_7a302da0,0,6,100
44b6_7a302da0,7,7,100
44b6_7a302da0,26,6,100
44b6_7a302da0,40,5,100
44b6_7a302da0,46,6,100
44b6_7a302da0,53,6,100
44b6_7a302da0,73,3,100
44b6_9bfa6a0a,0,5,100
44b6_9bfa6a0a,7,3,100
44b6_9bfa6a0a,13,3,100
44b6_9bfa6a0a,53,2,100
44b6_9bfa6a0a,73,2,100
44b6_9bfa6a0a,79,2,100
44b6_9bfa6a0a,92,2,100
44b6_d29c9ab2,7,11,100
44b6_d29c9ab2,26,14,100
44b6_d29c9ab2,46,13,100
44b6_d29c9ab2,59,14,100
44b6_d29c9ab2,79,13,100
44b6_d29c9ab2,86,12,100
44b6_f28707c6,18,1,63
44b6_f28707c6,43,1,63
44b6_f28707c6,55,1,63
44b6_f28707c6,64,1,63
44b6_f28707c6,68,1,63
44b6_f28707c6,72,1,63
6bba_05b6850b,0,6,100
6bba_05b6850b,7,6,100
6bba_05b6850b,13,7,100
6bba_05b6850b,20,8,100
6bba_05b6850b,73,11,100
6bba_05b6850b,86,10,100
6bba_3a1849c2,20,10,100
6bba_3a1849c2,33,9,100
6bba_3a1849c2,59,12,100
6bba_3a1849c2,66,14,100
6bba_3a1849c2,73,15,100
6bba_3a1849c2,79,13,100
6bba_6ca87370,13,4,100
6bba_6ca87370,33,9,100
6bba_6ca87370,40,9,100
6bba_6ca87370,79,18,100
6bba_6ca87370,86,17,100
6bba_6ca87370,99,15,100
6bba_969618f6,13,7,100
6bba_969618f6,26,8,100
6bba_969618f6,33,8,100
6bba_969618f6,53,8,100
6bba_969618f6,79,4,100
6bba_969618f6,99,4,100
6bba_d1acb6ff,0,2,100
6bba_d1acb6ff,7,3,100
6bba_d1acb6ff,26,5,100
6bba_d1acb6ff,40,4,100
6bba_d1acb6ff,53,10,100
6bba_d1acb6ff,73,11,100
6bba_fe670320,7,11,100
6bba_fe670320,13,13,100
6bba_fe670320,20,11,100
6bba_fe670320,26,13,100
6bba_fe670320,46,4,100
6bba_fe670320,73,6,100
