arm,k,video,transition_id,event_id,positive_parent_rank,parent_kept,positive_rank
candidate_base,8,44b6_2a2eff9f,44b6_2a2eff9f:11,44b6_2a2eff9f:13,524,0,
candidate_base,8,44b6_587a1e22,44b6_587a1e22:19,44b6_587a1e22:24,114,0,
candidate_base,8,44b6_5f15d135,44b6_5f15d135:36,44b6_5f15d135:103,126,0,
candidate_base,8,44b6_74d0c52e,44b6_74d0c52e:58,44b6_74d0c52e:59,77,0,
candidate_base,8,44b6_996155de,44b6_996155de:19,44b6_996155de:60,10,0,
candidate_base,8,44b6_9be80b04,44b6_9be80b04:77,44b6_9be80b04:155,187,0,
candidate_base,8,44b6_aaf8b0ea,44b6_aaf8b0ea:61,44b6_aaf8b0ea:93,23,0,
candidate_base,8,44b6_c50204e0,44b6_c50204e0:28,44b6_c50204e0:43,14,0,
candidate_base,8,44b6_c50204e0,44b6_c50204e0:65,44b6_c50204e0:184,291,0,
candidate_base,8,44b6_d2f34f90,44b6_d2f34f90:51,44b6_d2f34f90:103,64,0,
candidate_base,8,44b6_d2f34f90,44b6_d2f34f90:62,44b6_d2f34f90:137,72,0,
candidate_base,8,44b6_d754aa59,44b6_d754aa59:63,44b6_d754aa59:54,7,1,1.0
candidate_base,8,44b6_deabac95,44b6_deabac95:28,44b6_deabac95:15,145,0,
candidate_base,8,44b6_eb2880fc,44b6_eb2880fc:72,44b6_eb2880fc:282,169,0,
candidate_base,8,6bba_05db0fb1,6bba_05db0fb1:24,6bba_05db0fb1:229,648,0,
candidate_base,8,6bba_05db0fb1,6bba_05db0fb1:62,6bba_05db0fb1:751,169,0,
candidate_base,8,6bba_207c6aaf,6bba_207c6aaf:41,6bba_207c6aaf:146,308,0,
candidate_base,8,6bba_32db13fc,6bba_32db13fc:5,6bba_32db13fc:115,705,0,
candidate_base,8,6bba_474be664,6bba_474be664:63,6bba_474be664:205,118,0,
candidate_base,8,6bba_5c039895,6bba_5c039895:10,6bba_5c039895:121,74,0,
candidate_base,8,6bba_5c039895,6bba_5c039895:58,6bba_5c039895:680,15,0,
candidate_base,8,6bba_705ec2c9,6bba_705ec2c9:42,6bba_705ec2c9:250,41,0,
candidate_base,8,6bba_7af54fde,6bba_7af54fde:52,6bba_7af54fde:556,38,0,
candidate_base,8,6bba_7af54fde,6bba_7af54fde:55,6bba_7af54fde:590,44,0,
candidate_base,8,6bba_907271db,6bba_907271db:96,6bba_907271db:902,9,0,
candidate_base,8,6bba_afb141ff,6bba_afb141ff:28,6bba_afb141ff:115,43,0,
candidate_base,8,6bba_afb141ff,6bba_afb141ff:48,6bba_afb141ff:304,16,0,
candidate_base,8,6bba_d1acb6ff,6bba_d1acb6ff:67,6bba_d1acb6ff:414,34,0,
candidate_base,8,6bba_e16ffc58,6bba_e16ffc58:26,6bba_e16ffc58:331,54,0,
candidate_base,8,6bba_fe670320,6bba_fe670320:0,6bba_fe670320:4,3,1,1.0
candidate_base,8,6bba_fe670320,6bba_fe670320:66,6bba_fe670320:519,5,1,4.0
candidate_base,16,44b6_2a2eff9f,44b6_2a2eff9f:11,44b6_2a2eff9f:13,524,0,
candidate_base,16,44b6_587a1e22,44b6_587a1e22:19,44b6_587a1e22:24,114,0,
candidate_base,16,44b6_5f15d135,44b6_5f15d135:36,44b6_5f15d135:103,126,0,
candidate_base,16,44b6_74d0c52e,44b6_74d0c52e:58,44b6_74d0c52e:59,77,0,
candidate_base,16,44b6_996155de,44b6_996155de:19,44b6_996155de:60,10,1,2.0
candidate_base,16,44b6_9be80b04,44b6_9be80b04:77,44b6_9be80b04:155,187,0,
candidate_base,16,44b6_aaf8b0ea,44b6_aaf8b0ea:61,44b6_aaf8b0ea:93,23,0,
candidate_base,16,44b6_c50204e0,44b6_c50204e0:28,44b6_c50204e0:43,14,1,66.0
candidate_base,16,44b6_c50204e0,44b6_c50204e0:65,44b6_c50204e0:184,291,0,
candidate_base,16,44b6_d2f34f90,44b6_d2f34f90:51,44b6_d2f34f90:103,64,0,
candidate_base,16,44b6_d2f34f90,44b6_d2f34f90:62,44b6_d2f34f90:137,72,0,
candidate_base,16,44b6_d754aa59,44b6_d754aa59:63,44b6_d754aa59:54,7,1,1.0
candidate_base,16,44b6_deabac95,44b6_deabac95:28,44b6_deabac95:15,145,0,
candidate_base,16,44b6_eb2880fc,44b6_eb2880fc:72,44b6_eb2880fc:282,169,0,
candidate_base,16,6bba_05db0fb1,6bba_05db0fb1:24,6bba_05db0fb1:229,648,0,
candidate_base,16,6bba_05db0fb1,6bba_05db0fb1:62,6bba_05db0fb1:751,169,0,
candidate_base,16,6bba_207c6aaf,6bba_207c6aaf:41,6bba_207c6aaf:146,308,0,
candidate_base,16,6bba_32db13fc,6bba_32db13fc:5,6bba_32db13fc:115,705,0,
candidate_base,16,6bba_474be664,6bba_474be664:63,6bba_474be664:205,118,0,
candidate_base,16,6bba_5c039895,6bba_5c039895:10,6bba_5c039895:121,74,0,
candidate_base,16,6bba_5c039895,6bba_5c039895:58,6bba_5c039895:680,15,1,1.0
candidate_base,16,6bba_705ec2c9,6bba_705ec2c9:42,6bba_705ec2c9:250,41,0,
candidate_base,16,6bba_7af54fde,6bba_7af54fde:52,6bba_7af54fde:556,38,0,
candidate_base,16,6bba_7af54fde,6bba_7af54fde:55,6bba_7af54fde:590,44,0,
candidate_base,16,6bba_907271db,6bba_907271db:96,6bba_907271db:902,9,1,2.0
candidate_base,16,6bba_afb141ff,6bba_afb141ff:28,6bba_afb141ff:115,43,0,
candidate_base,16,6bba_afb141ff,6bba_afb141ff:48,6bba_afb141ff:304,16,1,33.0
candidate_base,16,6bba_d1acb6ff,6bba_d1acb6ff:67,6bba_d1acb6ff:414,34,0,
candidate_base,16,6bba_e16ffc58,6bba_e16ffc58:26,6bba_e16ffc58:331,54,0,
candidate_base,16,6bba_fe670320,6bba_fe670320:0,6bba_fe670320:4,3,1,1.0
candidate_base,16,6bba_fe670320,6bba_fe670320:66,6bba_fe670320:519,5,1,4.0
candidate_base,32,44b6_2a2eff9f,44b6_2a2eff9f:11,44b6_2a2eff9f:13,524,0,
candidate_base,32,44b6_587a1e22,44b6_587a1e22:19,44b6_587a1e22:24,114,0,
candidate_base,32,44b6_5f15d135,44b6_5f15d135:36,44b6_5f15d135:103,126,0,
candidate_base,32,44b6_74d0c52e,44b6_74d0c52e:58,44b6_74d0c52e:59,77,0,
candidate_base,32,44b6_996155de,44b6_996155de:19,44b6_996155de:60,10,1,5.0
candidate_base,32,44b6_9be80b04,44b6_9be80b04:77,44b6_9be80b04:155,187,0,
candidate_base,32,44b6_aaf8b0ea,44b6_aaf8b0ea:61,44b6_aaf8b0ea:93,23,1,85.0
candidate_base,32,44b6_c50204e0,44b6_c50204e0:28,44b6_c50204e0:43,14,1,150.0
candidate_base,32,44b6_c50204e0,44b6_c50204e0:65,44b6_c50204e0:184,291,0,
candidate_base,32,44b6_d2f34f90,44b6_d2f34f90:51,44b6_d2f34f90:103,64,0,
candidate_base,32,44b6_d2f34f90,44b6_d2f34f90:62,44b6_d2f34f90:137,72,0,
candidate_base,32,44b6_d754aa59,44b6_d754aa59:63,44b6_d754aa59:54,7,1,1.0
candidate_base,32,44b6_deabac95,44b6_deabac95:28,44b6_deabac95:15,145,0,
candidate_base,32,44b6_eb2880fc,44b6_eb2880fc:72,44b6_eb2880fc:282,169,0,
candidate_base,32,6bba_05db0fb1,6bba_05db0fb1:24,6bba_05db0fb1:229,648,0,
candidate_base,32,6bba_05db0fb1,6bba_05db0fb1:62,6bba_05db0fb1:751,169,0,
candidate_base,32,6bba_207c6aaf,6bba_207c6aaf:41,6bba_207c6aaf:146,308,0,
candidate_base,32,6bba_32db13fc,6bba_32db13fc:5,6bba_32db13fc:115,705,0,
candidate_base,32,6bba_474be664,6bba_474be664:63,6bba_474be664:205,118,0,
candidate_base,32,6bba_5c039895,6bba_5c039895:10,6bba_5c039895:121,74,0,
candidate_base,32,6bba_5c039895,6bba_5c039895:58,6bba_5c039895:680,15,1,1.0
candidate_base,32,6bba_705ec2c9,6bba_705ec2c9:42,6bba_705ec2c9:250,41,0,
candidate_base,32,6bba_7af54fde,6bba_7af54fde:52,6bba_7af54fde:556,38,0,
candidate_base,32,6bba_7af54fde,6bba_7af54fde:55,6bba_7af54fde:590,44,0,
candidate_base,32,6bba_907271db,6bba_907271db:96,6bba_907271db:902,9,1,2.0
candidate_base,32,6bba_afb141ff,6bba_afb141ff:28,6bba_afb141ff:115,43,0,
candidate_base,32,6bba_afb141ff,6bba_afb141ff:48,6bba_afb141ff:304,16,1,81.0
candidate_base,32,6bba_d1acb6ff,6bba_d1acb6ff:67,6bba_d1acb6ff:414,34,0,
candidate_base,32,6bba_e16ffc58,6bba_e16ffc58:26,6bba_e16ffc58:331,54,0,
candidate_base,32,6bba_fe670320,6bba_fe670320:0,6bba_fe670320:4,3,1,1.0
candidate_base,32,6bba_fe670320,6bba_fe670320:66,6bba_fe670320:519,5,1,4.0
candidate_base,64,44b6_2a2eff9f,44b6_2a2eff9f:11,44b6_2a2eff9f:13,524,0,
candidate_base,64,44b6_587a1e22,44b6_587a1e22:19,44b6_587a1e22:24,114,0,
candidate_base,64,44b6_5f15d135,44b6_5f15d135:36,44b6_5f15d135:103,126,0,
candidate_base,64,44b6_74d0c52e,44b6_74d0c52e:58,44b6_74d0c52e:59,77,0,
candidate_base,64,44b6_996155de,44b6_996155de:19,44b6_996155de:60,10,1,8.0
candidate_base,64,44b6_9be80b04,44b6_9be80b04:77,44b6_9be80b04:155,187,0,
candidate_base,64,44b6_aaf8b0ea,44b6_aaf8b0ea:61,44b6_aaf8b0ea:93,23,1,346.0
candidate_base,64,44b6_c50204e0,44b6_c50204e0:28,44b6_c50204e0:43,14,1,275.0
candidate_base,64,44b6_c50204e0,44b6_c50204e0:65,44b6_c50204e0:184,291,0,
candidate_base,64,44b6_d2f34f90,44b6_d2f34f90:51,44b6_d2f34f90:103,64,1,143.0
candidate_base,64,44b6_d2f34f90,44b6_d2f34f90:62,44b6_d2f34f90:137,72,0,
candidate_base,64,44b6_d754aa59,44b6_d754aa59:63,44b6_d754aa59:54,7,1,1.0
candidate_base,64,44b6_deabac95,44b6_deabac95:28,44b6_deabac95:15,145,0,
candidate_base,64,44b6_eb2880fc,44b6_eb2880fc:72,44b6_eb2880fc:282,169,0,
candidate_base,64,6bba_05db0fb1,6bba_05db0fb1:24,6bba_05db0fb1:229,648,0,
candidate_base,64,6bba_05db0fb1,6bba_05db0fb1:62,6bba_05db0fb1:751,169,0,
candidate_base,64,6bba_207c6aaf,6bba_207c6aaf:41,6bba_207c6aaf:146,308,0,
candidate_base,64,6bba_32db13fc,6bba_32db13fc:5,6bba_32db13fc:115,705,0,
candidate_base,64,6bba_474be664,6bba_474be664:63,6bba_474be664:205,118,0,
candidate_base,64,6bba_5c039895,6bba_5c039895:10,6bba_5c039895:121,74,0,
candidate_base,64,6bba_5c039895,6bba_5c039895:58,6bba_5c039895:680,15,1,5.0
candidate_base,64,6bba_705ec2c9,6bba_705ec2c9:42,6bba_705ec2c9:250,41,1,37.0
candidate_base,64,6bba_7af54fde,6bba_7af54fde:52,6bba_7af54fde:556,38,1,194.0
candidate_base,64,6bba_7af54fde,6bba_7af54fde:55,6bba_7af54fde:590,44,1,565.0
candidate_base,64,6bba_907271db,6bba_907271db:96,6bba_907271db:902,9,1,2.0
candidate_base,64,6bba_afb141ff,6bba_afb141ff:28,6bba_afb141ff:115,43,1,83.0
candidate_base,64,6bba_afb141ff,6bba_afb141ff:48,6bba_afb141ff:304,16,1,156.0
candidate_base,64,6bba_d1acb6ff,6bba_d1acb6ff:67,6bba_d1acb6ff:414,34,1,115.0
candidate_base,64,6bba_e16ffc58,6bba_e16ffc58:26,6bba_e16ffc58:331,54,1,22.0
candidate_base,64,6bba_fe670320,6bba_fe670320:0,6bba_fe670320:4,3,1,1.0
candidate_base,64,6bba_fe670320,6bba_fe670320:66,6bba_fe670320:519,5,1,7.0
candidate_base,128,44b6_2a2eff9f,44b6_2a2eff9f:11,44b6_2a2eff9f:13,524,0,
candidate_base,128,44b6_587a1e22,44b6_587a1e22:19,44b6_587a1e22:24,114,1,112.0
candidate_base,128,44b6_5f15d135,44b6_5f15d135:36,44b6_5f15d135:103,126,1,415.5
candidate_base,128,44b6_74d0c52e,44b6_74d0c52e:58,44b6_74d0c52e:59,77,1,622.0
candidate_base,128,44b6_996155de,44b6_996155de:19,44b6_996155de:60,10,1,12.0
candidate_base,128,44b6_9be80b04,44b6_9be80b04:77,44b6_9be80b04:155,187,0,
candidate_base,128,44b6_aaf8b0ea,44b6_aaf8b0ea:61,44b6_aaf8b0ea:93,23,1,867.5
candidate_base,128,44b6_c50204e0,44b6_c50204e0:28,44b6_c50204e0:43,14,1,591.0
candidate_base,128,44b6_c50204e0,44b6_c50204e0:65,44b6_c50204e0:184,291,0,
candidate_base,128,44b6_d2f34f90,44b6_d2f34f90:51,44b6_d2f34f90:103,64,1,340.0
candidate_base,128,44b6_d2f34f90,44b6_d2f34f90:62,44b6_d2f34f90:137,72,1,681.0
candidate_base,128,44b6_d754aa59,44b6_d754aa59:63,44b6_d754aa59:54,7,1,1.0
candidate_base,128,44b6_deabac95,44b6_deabac95:28,44b6_deabac95:15,145,0,
candidate_base,128,44b6_eb2880fc,44b6_eb2880fc:72,44b6_eb2880fc:282,169,0,
candidate_base,128,6bba_05db0fb1,6bba_05db0fb1:24,6bba_05db0fb1:229,648,0,
candidate_base,128,6bba_05db0fb1,6bba_05db0fb1:62,6bba_05db0fb1:751,169,0,
candidate_base,128,6bba_207c6aaf,6bba_207c6aaf:41,6bba_207c6aaf:146,308,0,
candidate_base,128,6bba_32db13fc,6bba_32db13fc:5,6bba_32db13fc:115,705,0,
candidate_base,128,6bba_474be664,6bba_474be664:63,6bba_474be664:205,118,1,67.0
candidate_base,128,6bba_5c039895,6bba_5c039895:10,6bba_5c039895:121,74,1,21.0
candidate_base,128,6bba_5c039895,6bba_5c039895:58,6bba_5c039895:680,15,1,6.0
candidate_base,128,6bba_705ec2c9,6bba_705ec2c9:42,6bba_705ec2c9:250,41,1,37.0
candidate_base,128,6bba_7af54fde,6bba_7af54fde:52,6bba_7af54fde:556,38,1,253.0
candidate_base,128,6bba_7af54fde,6bba_7af54fde:55,6bba_7af54fde:590,44,1,834.0
candidate_base,128,6bba_907271db,6bba_907271db:96,6bba_907271db:902,9,1,2.0
candidate_base,128,6bba_afb141ff,6bba_afb141ff:28,6bba_afb141ff:115,43,1,83.0
candidate_base,128,6bba_afb141ff,6bba_afb141ff:48,6bba_afb141ff:304,16,1,156.0
candidate_base,128,6bba_d1acb6ff,6bba_d1acb6ff:67,6bba_d1acb6ff:414,34,1,261.0
candidate_base,128,6bba_e16ffc58,6bba_e16ffc58:26,6bba_e16ffc58:331,54,1,22.0
candidate_base,128,6bba_fe670320,6bba_fe670320:0,6bba_fe670320:4,3,1,1.0
candidate_base,128,6bba_fe670320,6bba_fe670320:66,6bba_fe670320:519,5,1,25.0
candidate_mask_geometry,8,44b6_2a2eff9f,44b6_2a2eff9f:11,44b6_2a2eff9f:13,524,0,
candidate_mask_geometry,8,44b6_587a1e22,44b6_587a1e22:19,44b6_587a1e22:24,114,0,
candidate_mask_geometry,8,44b6_5f15d135,44b6_5f15d135:36,44b6_5f15d135:103,126,0,
candidate_mask_geometry,8,44b6_74d0c52e,44b6_74d0c52e:58,44b6_74d0c52e:59,77,0,
candidate_mask_geometry,8,44b6_996155de,44b6_996155de:19,44b6_996155de:60,10,0,
candidate_mask_geometry,8,44b6_9be80b04,44b6_9be80b04:77,44b6_9be80b04:155,187,0,
candidate_mask_geometry,8,44b6_aaf8b0ea,44b6_aaf8b0ea:61,44b6_aaf8b0ea:93,23,0,
candidate_mask_geometry,8,44b6_c50204e0,44b6_c50204e0:28,44b6_c50204e0:43,14,0,
candidate_mask_geometry,8,44b6_c50204e0,44b6_c50204e0:65,44b6_c50204e0:184,291,0,
candidate_mask_geometry,8,44b6_d2f34f90,44b6_d2f34f90:51,44b6_d2f34f90:103,64,0,
candidate_mask_geometry,8,44b6_d2f34f90,44b6_d2f34f90:62,44b6_d2f34f90:137,72,0,
candidate_mask_geometry,8,44b6_d754aa59,44b6_d754aa59:63,44b6_d754aa59:54,7,1,1.0
candidate_mask_geometry,8,44b6_deabac95,44b6_deabac95:28,44b6_deabac95:15,145,0,
candidate_mask_geometry,8,44b6_eb2880fc,44b6_eb2880fc:72,44b6_eb2880fc:282,169,0,
candidate_mask_geometry,8,6bba_05db0fb1,6bba_05db0fb1:24,6bba_05db0fb1:229,648,0,
candidate_mask_geometry,8,6bba_05db0fb1,6bba_05db0fb1:62,6bba_05db0fb1:751,169,0,
candidate_mask_geometry,8,6bba_207c6aaf,6bba_207c6aaf:41,6bba_207c6aaf:146,308,0,
candidate_mask_geometry,8,6bba_32db13fc,6bba_32db13fc:5,6bba_32db13fc:115,705,0,
candidate_mask_geometry,8,6bba_474be664,6bba_474be664:63,6bba_474be664:205,118,0,
candidate_mask_geometry,8,6bba_5c039895,6bba_5c039895:10,6bba_5c039895:121,74,0,
candidate_mask_geometry,8,6bba_5c039895,6bba_5c039895:58,6bba_5c039895:680,15,0,
candidate_mask_geometry,8,6bba_705ec2c9,6bba_705ec2c9:42,6bba_705ec2c9:250,41,0,
candidate_mask_geometry,8,6bba_7af54fde,6bba_7af54fde:52,6bba_7af54fde:556,38,0,
candidate_mask_geometry,8,6bba_7af54fde,6bba_7af54fde:55,6bba_7af54fde:590,44,0,
candidate_mask_geometry,8,6bba_907271db,6bba_907271db:96,6bba_907271db:902,9,0,
candidate_mask_geometry,8,6bba_afb141ff,6bba_afb141ff:28,6bba_afb141ff:115,43,0,
candidate_mask_geometry,8,6bba_afb141ff,6bba_afb141ff:48,6bba_afb141ff:304,16,0,
candidate_mask_geometry,8,6bba_d1acb6ff,6bba_d1acb6ff:67,6bba_d1acb6ff:414,34,0,
candidate_mask_geometry,8,6bba_e16ffc58,6bba_e16ffc58:26,6bba_e16ffc58:331,54,0,
candidate_mask_geometry,8,6bba_fe670320,6bba_fe670320:0,6bba_fe670320:4,3,1,1.0
candidate_mask_geometry,8,6bba_fe670320,6bba_fe670320:66,6bba_fe670320:519,5,1,4.0
candidate_mask_geometry,16,44b6_2a2eff9f,44b6_2a2eff9f:11,44b6_2a2eff9f:13,524,0,
candidate_mask_geometry,16,44b6_587a1e22,44b6_587a1e22:19,44b6_587a1e22:24,114,0,
candidate_mask_geometry,16,44b6_5f15d135,44b6_5f15d135:36,44b6_5f15d135:103,126,0,
candidate_mask_geometry,16,44b6_74d0c52e,44b6_74d0c52e:58,44b6_74d0c52e:59,77,0,
candidate_mask_geometry,16,44b6_996155de,44b6_996155de:19,44b6_996155de:60,10,1,1.0
candidate_mask_geometry,16,44b6_9be80b04,44b6_9be80b04:77,44b6_9be80b04:155,187,0,
candidate_mask_geometry,16,44b6_aaf8b0ea,44b6_aaf8b0ea:61,44b6_aaf8b0ea:93,23,0,
candidate_mask_geometry,16,44b6_c50204e0,44b6_c50204e0:28,44b6_c50204e0:43,14,1,278.0
candidate_mask_geometry,16,44b6_c50204e0,44b6_c50204e0:65,44b6_c50204e0:184,291,0,
candidate_mask_geometry,16,44b6_d2f34f90,44b6_d2f34f90:51,44b6_d2f34f90:103,64,0,
candidate_mask_geometry,16,44b6_d2f34f90,44b6_d2f34f90:62,44b6_d2f34f90:137,72,0,
candidate_mask_geometry,16,44b6_d754aa59,44b6_d754aa59:63,44b6_d754aa59:54,7,1,1.0
candidate_mask_geometry,16,44b6_deabac95,44b6_deabac95:28,44b6_deabac95:15,145,0,
candidate_mask_geometry,16,44b6_eb2880fc,44b6_eb2880fc:72,44b6_eb2880fc:282,169,0,
candidate_mask_geometry,16,6bba_05db0fb1,6bba_05db0fb1:24,6bba_05db0fb1:229,648,0,
candidate_mask_geometry,16,6bba_05db0fb1,6bba_05db0fb1:62,6bba_05db0fb1:751,169,0,
candidate_mask_geometry,16,6bba_207c6aaf,6bba_207c6aaf:41,6bba_207c6aaf:146,308,0,
candidate_mask_geometry,16,6bba_32db13fc,6bba_32db13fc:5,6bba_32db13fc:115,705,0,
candidate_mask_geometry,16,6bba_474be664,6bba_474be664:63,6bba_474be664:205,118,0,
candidate_mask_geometry,16,6bba_5c039895,6bba_5c039895:10,6bba_5c039895:121,74,0,
candidate_mask_geometry,16,6bba_5c039895,6bba_5c039895:58,6bba_5c039895:680,15,1,1.0
candidate_mask_geometry,16,6bba_705ec2c9,6bba_705ec2c9:42,6bba_705ec2c9:250,41,0,
candidate_mask_geometry,16,6bba_7af54fde,6bba_7af54fde:52,6bba_7af54fde:556,38,0,
candidate_mask_geometry,16,6bba_7af54fde,6bba_7af54fde:55,6bba_7af54fde:590,44,0,
candidate_mask_geometry,16,6bba_907271db,6bba_907271db:96,6bba_907271db:902,9,1,5.0
candidate_mask_geometry,16,6bba_afb141ff,6bba_afb141ff:28,6bba_afb141ff:115,43,0,
candidate_mask_geometry,16,6bba_afb141ff,6bba_afb141ff:48,6bba_afb141ff:304,16,1,20.0
candidate_mask_geometry,16,6bba_d1acb6ff,6bba_d1acb6ff:67,6bba_d1acb6ff:414,34,0,
candidate_mask_geometry,16,6bba_e16ffc58,6bba_e16ffc58:26,6bba_e16ffc58:331,54,0,
candidate_mask_geometry,16,6bba_fe670320,6bba_fe670320:0,6bba_fe670320:4,3,1,1.0
candidate_mask_geometry,16,6bba_fe670320,6bba_fe670320:66,6bba_fe670320:519,5,1,23.0
candidate_mask_geometry,32,44b6_2a2eff9f,44b6_2a2eff9f:11,44b6_2a2eff9f:13,524,0,
candidate_mask_geometry,32,44b6_587a1e22,44b6_587a1e22:19,44b6_587a1e22:24,114,0,
candidate_mask_geometry,32,44b6_5f15d135,44b6_5f15d135:36,44b6_5f15d135:103,126,0,
candidate_mask_geometry,32,44b6_74d0c52e,44b6_74d0c52e:58,44b6_74d0c52e:59,77,0,
candidate_mask_geometry,32,44b6_996155de,44b6_996155de:19,44b6_996155de:60,10,1,1.0
candidate_mask_geometry,32,44b6_9be80b04,44b6_9be80b04:77,44b6_9be80b04:155,187,0,
candidate_mask_geometry,32,44b6_aaf8b0ea,44b6_aaf8b0ea:61,44b6_aaf8b0ea:93,23,1,39.0
candidate_mask_geometry,32,44b6_c50204e0,44b6_c50204e0:28,44b6_c50204e0:43,14,1,713.0
candidate_mask_geometry,32,44b6_c50204e0,44b6_c50204e0:65,44b6_c50204e0:184,291,0,
candidate_mask_geometry,32,44b6_d2f34f90,44b6_d2f34f90:51,44b6_d2f34f90:103,64,0,
candidate_mask_geometry,32,44b6_d2f34f90,44b6_d2f34f90:62,44b6_d2f34f90:137,72,0,
candidate_mask_geometry,32,44b6_d754aa59,44b6_d754aa59:63,44b6_d754aa59:54,7,1,1.0
candidate_mask_geometry,32,44b6_deabac95,44b6_deabac95:28,44b6_deabac95:15,145,0,
candidate_mask_geometry,32,44b6_eb2880fc,44b6_eb2880fc:72,44b6_eb2880fc:282,169,0,
candidate_mask_geometry,32,6bba_05db0fb1,6bba_05db0fb1:24,6bba_05db0fb1:229,648,0,
candidate_mask_geometry,32,6bba_05db0fb1,6bba_05db0fb1:62,6bba_05db0fb1:751,169,0,
candidate_mask_geometry,32,6bba_207c6aaf,6bba_207c6aaf:41,6bba_207c6aaf:146,308,0,
candidate_mask_geometry,32,6bba_32db13fc,6bba_32db13fc:5,6bba_32db13fc:115,705,0,
candidate_mask_geometry,32,6bba_474be664,6bba_474be664:63,6bba_474be664:205,118,0,
candidate_mask_geometry,32,6bba_5c039895,6bba_5c039895:10,6bba_5c039895:121,74,0,
candidate_mask_geometry,32,6bba_5c039895,6bba_5c039895:58,6bba_5c039895:680,15,1,1.0
candidate_mask_geometry,32,6bba_705ec2c9,6bba_705ec2c9:42,6bba_705ec2c9:250,41,0,
candidate_mask_geometry,32,6bba_7af54fde,6bba_7af54fde:52,6bba_7af54fde:556,38,0,
candidate_mask_geometry,32,6bba_7af54fde,6bba_7af54fde:55,6bba_7af54fde:590,44,0,
candidate_mask_geometry,32,6bba_907271db,6bba_907271db:96,6bba_907271db:902,9,1,6.0
candidate_mask_geometry,32,6bba_afb141ff,6bba_afb141ff:28,6bba_afb141ff:115,43,0,
candidate_mask_geometry,32,6bba_afb141ff,6bba_afb141ff:48,6bba_afb141ff:304,16,1,53.0
candidate_mask_geometry,32,6bba_d1acb6ff,6bba_d1acb6ff:67,6bba_d1acb6ff:414,34,0,
candidate_mask_geometry,32,6bba_e16ffc58,6bba_e16ffc58:26,6bba_e16ffc58:331,54,0,
candidate_mask_geometry,32,6bba_fe670320,6bba_fe670320:0,6bba_fe670320:4,3,1,1.0
candidate_mask_geometry,32,6bba_fe670320,6bba_fe670320:66,6bba_fe670320:519,5,1,47.0
candidate_mask_geometry,64,44b6_2a2eff9f,44b6_2a2eff9f:11,44b6_2a2eff9f:13,524,0,
candidate_mask_geometry,64,44b6_587a1e22,44b6_587a1e22:19,44b6_587a1e22:24,114,0,
candidate_mask_geometry,64,44b6_5f15d135,44b6_5f15d135:36,44b6_5f15d135:103,126,0,
candidate_mask_geometry,64,44b6_74d0c52e,44b6_74d0c52e:58,44b6_74d0c52e:59,77,0,
candidate_mask_geometry,64,44b6_996155de,44b6_996155de:19,44b6_996155de:60,10,1,1.0
candidate_mask_geometry,64,44b6_9be80b04,44b6_9be80b04:77,44b6_9be80b04:155,187,0,
candidate_mask_geometry,64,44b6_aaf8b0ea,44b6_aaf8b0ea:61,44b6_aaf8b0ea:93,23,1,177.0
candidate_mask_geometry,64,44b6_c50204e0,44b6_c50204e0:28,44b6_c50204e0:43,14,1,1325.0
candidate_mask_geometry,64,44b6_c50204e0,44b6_c50204e0:65,44b6_c50204e0:184,291,0,
candidate_mask_geometry,64,44b6_d2f34f90,44b6_d2f34f90:51,44b6_d2f34f90:103,64,1,25.0
candidate_mask_geometry,64,44b6_d2f34f90,44b6_d2f34f90:62,44b6_d2f34f90:137,72,0,
candidate_mask_geometry,64,44b6_d754aa59,44b6_d754aa59:63,44b6_d754aa59:54,7,1,1.0
candidate_mask_geometry,64,44b6_deabac95,44b6_deabac95:28,44b6_deabac95:15,145,0,
candidate_mask_geometry,64,44b6_eb2880fc,44b6_eb2880fc:72,44b6_eb2880fc:282,169,0,
candidate_mask_geometry,64,6bba_05db0fb1,6bba_05db0fb1:24,6bba_05db0fb1:229,648,0,
candidate_mask_geometry,64,6bba_05db0fb1,6bba_05db0fb1:62,6bba_05db0fb1:751,169,0,
candidate_mask_geometry,64,6bba_207c6aaf,6bba_207c6aaf:41,6bba_207c6aaf:146,308,0,
candidate_mask_geometry,64,6bba_32db13fc,6bba_32db13fc:5,6bba_32db13fc:115,705,0,
candidate_mask_geometry,64,6bba_474be664,6bba_474be664:63,6bba_474be664:205,118,0,
candidate_mask_geometry,64,6bba_5c039895,6bba_5c039895:10,6bba_5c039895:121,74,0,
candidate_mask_geometry,64,6bba_5c039895,6bba_5c039895:58,6bba_5c039895:680,15,1,4.0
candidate_mask_geometry,64,6bba_705ec2c9,6bba_705ec2c9:42,6bba_705ec2c9:250,41,1,85.0
candidate_mask_geometry,64,6bba_7af54fde,6bba_7af54fde:52,6bba_7af54fde:556,38,1,127.0
candidate_mask_geometry,64,6bba_7af54fde,6bba_7af54fde:55,6bba_7af54fde:590,44,1,360.0
candidate_mask_geometry,64,6bba_907271db,6bba_907271db:96,6bba_907271db:902,9,1,6.0
candidate_mask_geometry,64,6bba_afb141ff,6bba_afb141ff:28,6bba_afb141ff:115,43,1,115.0
candidate_mask_geometry,64,6bba_afb141ff,6bba_afb141ff:48,6bba_afb141ff:304,16,1,93.0
candidate_mask_geometry,64,6bba_d1acb6ff,6bba_d1acb6ff:67,6bba_d1acb6ff:414,34,1,10.0
candidate_mask_geometry,64,6bba_e16ffc58,6bba_e16ffc58:26,6bba_e16ffc58:331,54,1,13.0
candidate_mask_geometry,64,6bba_fe670320,6bba_fe670320:0,6bba_fe670320:4,3,1,1.0
candidate_mask_geometry,64,6bba_fe670320,6bba_fe670320:66,6bba_fe670320:519,5,1,155.0
candidate_mask_geometry,128,44b6_2a2eff9f,44b6_2a2eff9f:11,44b6_2a2eff9f:13,524,0,
candidate_mask_geometry,128,44b6_587a1e22,44b6_587a1e22:19,44b6_587a1e22:24,114,1,545.0
candidate_mask_geometry,128,44b6_5f15d135,44b6_5f15d135:36,44b6_5f15d135:103,126,1,101.0
candidate_mask_geometry,128,44b6_74d0c52e,44b6_74d0c52e:58,44b6_74d0c52e:59,77,1,389.0
candidate_mask_geometry,128,44b6_996155de,44b6_996155de:19,44b6_996155de:60,10,1,1.0
candidate_mask_geometry,128,44b6_9be80b04,44b6_9be80b04:77,44b6_9be80b04:155,187,0,
candidate_mask_geometry,128,44b6_aaf8b0ea,44b6_aaf8b0ea:61,44b6_aaf8b0ea:93,23,1,403.0
candidate_mask_geometry,128,44b6_c50204e0,44b6_c50204e0:28,44b6_c50204e0:43,14,1,3064.0
candidate_mask_geometry,128,44b6_c50204e0,44b6_c50204e0:65,44b6_c50204e0:184,291,0,
candidate_mask_geometry,128,44b6_d2f34f90,44b6_d2f34f90:51,44b6_d2f34f90:103,64,1,51.0
candidate_mask_geometry,128,44b6_d2f34f90,44b6_d2f34f90:62,44b6_d2f34f90:137,72,1,232.0
candidate_mask_geometry,128,44b6_d754aa59,44b6_d754aa59:63,44b6_d754aa59:54,7,1,1.0
candidate_mask_geometry,128,44b6_deabac95,44b6_deabac95:28,44b6_deabac95:15,145,0,
candidate_mask_geometry,128,44b6_eb2880fc,44b6_eb2880fc:72,44b6_eb2880fc:282,169,0,
candidate_mask_geometry,128,6bba_05db0fb1,6bba_05db0fb1:24,6bba_05db0fb1:229,648,0,
candidate_mask_geometry,128,6bba_05db0fb1,6bba_05db0fb1:62,6bba_05db0fb1:751,169,0,
candidate_mask_geometry,128,6bba_207c6aaf,6bba_207c6aaf:41,6bba_207c6aaf:146,308,0,
candidate_mask_geometry,128,6bba_32db13fc,6bba_32db13fc:5,6bba_32db13fc:115,705,0,
candidate_mask_geometry,128,6bba_474be664,6bba_474be664:63,6bba_474be664:205,118,1,70.0
candidate_mask_geometry,128,6bba_5c039895,6bba_5c039895:10,6bba_5c039895:121,74,1,7.0
candidate_mask_geometry,128,6bba_5c039895,6bba_5c039895:58,6bba_5c039895:680,15,1,5.0
candidate_mask_geometry,128,6bba_705ec2c9,6bba_705ec2c9:42,6bba_705ec2c9:250,41,1,85.0
candidate_mask_geometry,128,6bba_7af54fde,6bba_7af54fde:52,6bba_7af54fde:556,38,1,146.0
candidate_mask_geometry,128,6bba_7af54fde,6bba_7af54fde:55,6bba_7af54fde:590,44,1,499.0
candidate_mask_geometry,128,6bba_907271db,6bba_907271db:96,6bba_907271db:902,9,1,6.0
candidate_mask_geometry,128,6bba_afb141ff,6bba_afb141ff:28,6bba_afb141ff:115,43,1,115.0
candidate_mask_geometry,128,6bba_afb141ff,6bba_afb141ff:48,6bba_afb141ff:304,16,1,93.0
candidate_mask_geometry,128,6bba_d1acb6ff,6bba_d1acb6ff:67,6bba_d1acb6ff:414,34,1,20.0
candidate_mask_geometry,128,6bba_e16ffc58,6bba_e16ffc58:26,6bba_e16ffc58:331,54,1,13.0
candidate_mask_geometry,128,6bba_fe670320,6bba_fe670320:0,6bba_fe670320:4,3,1,1.0
candidate_mask_geometry,128,6bba_fe670320,6bba_fe670320:66,6bba_fe670320:519,5,1,358.0
