video,transition_id,event_id,parent_t,parent_endpoint_matched,daughter_endpoint_count,endpoint_complete,candidate_found,positive_candidate_id
44b6_2a2eff9f,44b6_2a2eff9f:11,44b6_2a2eff9f:13,11,1,2,1,1,44b6_2a2eff9f:11|34008
44b6_587a1e22,44b6_587a1e22:19,44b6_587a1e22:24,19,1,2,1,1,44b6_587a1e22:19|908
44b6_5f15d135,44b6_5f15d135:36,44b6_5f15d135:103,36,1,2,1,1,44b6_5f15d135:36|17230
44b6_74d0c52e,44b6_74d0c52e:58,44b6_74d0c52e:59,58,1,2,1,1,44b6_74d0c52e:58|1150
44b6_996155de,44b6_996155de:19,44b6_996155de:60,19,1,2,1,1,44b6_996155de:19|562
44b6_9be80b04,44b6_9be80b04:77,44b6_9be80b04:155,77,1,2,1,1,44b6_9be80b04:77|23311
44b6_aaf8b0ea,44b6_aaf8b0ea:61,44b6_aaf8b0ea:93,61,1,2,1,1,44b6_aaf8b0ea:61|4881
44b6_c50204e0,44b6_c50204e0:28,44b6_c50204e0:43,28,1,2,1,1,44b6_c50204e0:28|34375
44b6_c50204e0,44b6_c50204e0:65,44b6_c50204e0:184,65,1,2,1,1,44b6_c50204e0:65|53773
44b6_d2f34f90,44b6_d2f34f90:51,44b6_d2f34f90:103,51,1,2,1,1,44b6_d2f34f90:51|3136
44b6_d2f34f90,44b6_d2f34f90:62,44b6_d2f34f90:137,62,1,2,1,1,44b6_d2f34f90:62|4806
44b6_d754aa59,44b6_d754aa59:63,44b6_d754aa59:54,63,1,2,1,1,44b6_d754aa59:63|111
44b6_deabac95,44b6_deabac95:28,44b6_deabac95:15,28,1,2,1,1,44b6_deabac95:28|3929
44b6_eb2880fc,44b6_eb2880fc:72,44b6_eb2880fc:282,72,1,2,1,1,44b6_eb2880fc:72|5133
6bba_05db0fb1,6bba_05db0fb1:24,6bba_05db0fb1:229,24,1,2,1,1,6bba_05db0fb1:24|76652
6bba_05db0fb1,6bba_05db0fb1:62,6bba_05db0fb1:751,62,1,2,1,1,6bba_05db0fb1:62|67372
6bba_207c6aaf,6bba_207c6aaf:41,6bba_207c6aaf:146,41,1,2,1,1,6bba_207c6aaf:41|13594
6bba_32db13fc,6bba_32db13fc:5,6bba_32db13fc:115,5,1,2,1,1,6bba_32db13fc:5|6718
6bba_474be664,6bba_474be664:63,6bba_474be664:205,63,1,2,1,1,6bba_474be664:63|8832
6bba_5c039895,6bba_5c039895:10,6bba_5c039895:121,10,1,2,1,1,6bba_5c039895:10|1158
6bba_5c039895,6bba_5c039895:58,6bba_5c039895:680,58,1,2,1,1,6bba_5c039895:58|302
6bba_705ec2c9,6bba_705ec2c9:42,6bba_705ec2c9:250,42,1,2,1,1,6bba_705ec2c9:42|622
6bba_7af54fde,6bba_7af54fde:52,6bba_7af54fde:556,52,1,2,1,1,6bba_7af54fde:52|628
6bba_7af54fde,6bba_7af54fde:55,6bba_7af54fde:590,55,1,2,1,1,6bba_7af54fde:55|278
6bba_907271db,6bba_907271db:96,6bba_907271db:902,96,1,2,1,1,6bba_907271db:96|76
6bba_afb141ff,6bba_afb141ff:28,6bba_afb141ff:115,28,1,2,1,1,6bba_afb141ff:28|119
6bba_afb141ff,6bba_afb141ff:48,6bba_afb141ff:304,48,1,2,1,1,6bba_afb141ff:48|184
6bba_d1acb6ff,6bba_d1acb6ff:67,6bba_d1acb6ff:414,67,1,2,1,1,6bba_d1acb6ff:67|608
6bba_e16ffc58,6bba_e16ffc58:26,6bba_e16ffc58:331,26,1,2,1,1,6bba_e16ffc58:26|249
6bba_fe670320,6bba_fe670320:0,6bba_fe670320:4,0,1,2,1,1,6bba_fe670320:0|61
6bba_fe670320,6bba_fe670320:66,6bba_fe670320:519,66,1,2,1,1,6bba_fe670320:66|3952
