arm,video,events,top1_positive,selected_count,selected_positive_count
geometry_1_05_focus0,44b6_2a2eff9f,1,0,1,0
geometry_1_05_focus0,44b6_706092f0,1,1,1,1
geometry_1_05_focus0,44b6_996155de,1,1,1,1
geometry_1_05_focus0,44b6_c50204e0,2,1,2,1
geometry_1_05_focus0,44b6_d5e7d891,2,1,2,1
geometry_1_05_focus0,44b6_eb2880fc,1,0,1,0
geometry_1_05_focus0,6bba_05db0fb1,3,0,3,0
geometry_1_05_focus0,6bba_3abfe10a,1,0,1,0
geometry_1_05_focus0,6bba_61ecbe65,1,1,1,1
geometry_1_05_focus0,6bba_87289e13,1,0,1,0
geometry_1_05_focus0,6bba_c328f2fd,2,0,2,0
geometry_1_05_focus0,6bba_fe670320,2,0,2,0
geometry_1_05_focus4,44b6_2a2eff9f,1,0,1,0
geometry_1_05_focus4,44b6_706092f0,1,1,1,1
geometry_1_05_focus4,44b6_996155de,1,1,1,1
geometry_1_05_focus4,44b6_c50204e0,2,1,2,1
geometry_1_05_focus4,44b6_d5e7d891,2,1,2,1
geometry_1_05_focus4,44b6_eb2880fc,1,0,1,0
geometry_1_05_focus4,6bba_05db0fb1,3,0,3,0
geometry_1_05_focus4,6bba_3abfe10a,1,0,1,0
geometry_1_05_focus4,6bba_61ecbe65,1,1,1,1
geometry_1_05_focus4,6bba_87289e13,1,0,1,0
geometry_1_05_focus4,6bba_c328f2fd,2,0,2,0
geometry_1_05_focus4,6bba_fe670320,2,0,2,0
geometry_1_00_focus4,44b6_2a2eff9f,1,0,1,0
geometry_1_00_focus4,44b6_706092f0,1,1,1,1
geometry_1_00_focus4,44b6_996155de,1,1,1,1
geometry_1_00_focus4,44b6_c50204e0,2,0,2,0
geometry_1_00_focus4,44b6_d5e7d891,2,1,2,1
geometry_1_00_focus4,44b6_eb2880fc,1,0,1,0
geometry_1_00_focus4,6bba_05db0fb1,3,0,3,0
geometry_1_00_focus4,6bba_3abfe10a,1,0,1,0
geometry_1_00_focus4,6bba_61ecbe65,1,1,1,1
geometry_1_00_focus4,6bba_87289e13,1,0,1,0
geometry_1_00_focus4,6bba_c328f2fd,2,0,2,0
geometry_1_00_focus4,6bba_fe670320,2,0,2,0
oof_logistic_3feat,44b6_2a2eff9f,1,0,1,0
oof_logistic_3feat,44b6_706092f0,1,1,1,1
oof_logistic_3feat,44b6_996155de,1,1,1,1
oof_logistic_3feat,44b6_c50204e0,2,1,2,1
oof_logistic_3feat,44b6_d5e7d891,2,1,2,1
oof_logistic_3feat,44b6_eb2880fc,1,0,1,0
oof_logistic_3feat,6bba_05db0fb1,3,1,3,1
oof_logistic_3feat,6bba_3abfe10a,1,0,1,0
oof_logistic_3feat,6bba_61ecbe65,1,1,1,1
oof_logistic_3feat,6bba_87289e13,1,1,1,1
oof_logistic_3feat,6bba_c328f2fd,2,0,2,0
oof_logistic_3feat,6bba_fe670320,2,1,2,1
