video,transition_id,parent_t,parent_count,daughter_count,candidate_count,gt_event_count,positive_candidate_count
44b6_2a2eff9f,44b6_2a2eff9f:11,11,540,758,34028,1,1
44b6_587a1e22,44b6_587a1e22:19,19,237,267,7161,1,1
44b6_5f15d135,44b6_5f15d135:36,36,285,656,24083,1,1
44b6_74d0c52e,44b6_74d0c52e:58,58,122,291,3380,1,1
44b6_996155de,44b6_996155de:19,19,94,135,772,1,1
44b6_9be80b04,44b6_9be80b04:77,77,300,998,41149,1,1
44b6_aaf8b0ea,44b6_aaf8b0ea:61,61,194,396,12277,1,1
44b6_c50204e0,44b6_c50204e0:28,28,497,872,58191,1,1
44b6_c50204e0,44b6_c50204e0:65,65,553,1068,71746,1,1
44b6_d2f34f90,44b6_d2f34f90:51,51,195,540,17153,1,1
44b6_d2f34f90,44b6_d2f34f90:62,62,226,542,18832,1,1
44b6_d754aa59,44b6_d754aa59:63,63,66,95,483,1,1
44b6_deabac95,44b6_deabac95:28,28,230,264,9997,1,1
44b6_eb2880fc,44b6_eb2880fc:72,72,382,607,24020,1,1
6bba_05db0fb1,6bba_05db0fb1:24,24,826,1147,120164,1,1
6bba_05db0fb1,6bba_05db0fb1:62,62,727,968,97917,1,1
6bba_207c6aaf,6bba_207c6aaf:41,41,356,400,18314,1,1
6bba_32db13fc,6bba_32db13fc:5,5,821,1053,72067,1,1
6bba_474be664,6bba_474be664:63,63,378,648,39294,1,1
6bba_5c039895,6bba_5c039895:10,10,116,145,1270,1,1
6bba_5c039895,6bba_5c039895:58,58,89,104,520,1,1
6bba_705ec2c9,6bba_705ec2c9:42,42,84,125,1123,1,1
6bba_7af54fde,6bba_7af54fde:52,52,95,127,1335,1,1
6bba_7af54fde,6bba_7af54fde:55,55,96,121,1267,1,1
6bba_907271db,6bba_907271db:96,96,44,64,79,1,1
6bba_afb141ff,6bba_afb141ff:28,28,51,91,504,1,1
6bba_afb141ff,6bba_afb141ff:48,48,65,83,490,1,1
6bba_d1acb6ff,6bba_d1acb6ff:67,67,163,200,3795,1,1
6bba_e16ffc58,6bba_e16ffc58:26,26,73,91,444,1,1
6bba_fe670320,6bba_fe670320:0,0,47,48,78,1,1
6bba_fe670320,6bba_fe670320:66,66,173,218,4183,1,1
