video,mode,event_id,candidate_id,label,focus_only_count,geometry_cost,total_cost
44b6_2a2eff9f,pil_only,44b6_2a2eff9f:13,pil_only|44b6_2a2eff9f:13|17,0,0,14.420444471305313,14.420444471305313
44b6_341df25f,pil_only,44b6_341df25f:12,pil_only|44b6_341df25f:12|6,1,0,11.902585084542888,11.902585084542888
44b6_587a1e22,pil_only,44b6_587a1e22:24,pil_only|44b6_587a1e22:24|8,0,0,13.249096102494306,13.249096102494306
44b6_5f15d135,pil_only,44b6_5f15d135:103,pil_only|44b6_5f15d135:103|18,0,0,11.896931284032714,11.896931284032714
44b6_74d0c52e,pil_only,44b6_74d0c52e:59,pil_only|44b6_74d0c52e:59|18,0,0,10.624816174880392,10.624816174880392
44b6_7a302da0,pil_only,44b6_7a302da0:474,pil_only|44b6_7a302da0:474|50,0,0,7.128911613784949,7.128911613784949
44b6_996155de,pil_only,44b6_996155de:60,pil_only|44b6_996155de:60|0,1,0,8.658694077712559,8.658694077712559
44b6_9be80b04,pil_only,44b6_9be80b04:155,pil_only|44b6_9be80b04:155|36,1,0,9.017953354794138,9.017953354794138
44b6_a21120c2,pil_only,44b6_a21120c2:174,pil_only|44b6_a21120c2:174|23,1,0,6.673707090190986,6.673707090190986
44b6_a21120c2,pil_only,44b6_a21120c2:210,pil_only|44b6_a21120c2:210|38,1,0,10.921920485077838,10.921920485077838
44b6_aaf8b0ea,pil_only,44b6_aaf8b0ea:93,pil_only|44b6_aaf8b0ea:93|0,1,0,13.98907605333366,13.98907605333366
44b6_c50204e0,pil_only,44b6_c50204e0:43,pil_only|44b6_c50204e0:43|76,0,0,9.263490736021819,9.263490736021819
44b6_c50204e0,pil_only,44b6_c50204e0:184,pil_only|44b6_c50204e0:184|115,1,0,9.839761064056999,9.839761064056999
44b6_c8e2a523,pil_only,44b6_c8e2a523:153,pil_only|44b6_c8e2a523:153|19,0,0,13.930036569986925,13.930036569986925
44b6_d2f34f90,pil_only,44b6_d2f34f90:137,pil_only|44b6_d2f34f90:137|28,1,0,9.527338811792074,9.527338811792074
44b6_d2f34f90,pil_only,44b6_d2f34f90:103,pil_only|44b6_d2f34f90:103|8,1,0,10.455639659304438,10.455639659304438
44b6_d5e7d891,pil_only,44b6_d5e7d891:455,pil_only|44b6_d5e7d891:455|70,1,0,7.703763584174284,7.703763584174284
44b6_d5e7d891,pil_only,44b6_d5e7d891:87,pil_only|44b6_d5e7d891:87|125,0,0,11.827512101215072,11.827512101215072
44b6_d754aa59,pil_only,44b6_d754aa59:54,pil_only|44b6_d754aa59:54|2,1,0,13.045874503302855,13.045874503302855
44b6_deabac95,pil_only,44b6_deabac95:15,pil_only|44b6_deabac95:15|22,0,0,13.835503490986014,13.835503490986014
44b6_e28840c6,pil_only,44b6_e28840c6:160,pil_only|44b6_e28840c6:160|43,1,0,8.428371421515791,8.428371421515791
44b6_e28840c6,pil_only,44b6_e28840c6:48,pil_only|44b6_e28840c6:48|40,1,0,9.582363574780603,9.582363574780603
44b6_eb2880fc,pil_only,44b6_eb2880fc:282,pil_only|44b6_eb2880fc:282|63,0,0,11.750667933565744,11.750667933565744
6bba_05db0fb1,pil_only,6bba_05db0fb1:751,pil_only|6bba_05db0fb1:751|44,0,0,10.511009446485234,10.511009446485234
6bba_05db0fb1,pil_only,6bba_05db0fb1:229,pil_only|6bba_05db0fb1:229|36,0,0,13.953431254507759,13.953431254507759
6bba_09961292,pil_only,6bba_09961292:1166,pil_only|6bba_09961292:1166|40,1,0,10.142693253507655,10.142693253507655
6bba_09961292,pil_only,6bba_09961292:654,pil_only|6bba_09961292:654|8,0,0,12.184333918865047,12.184333918865047
6bba_0e7c0d07,pil_only,6bba_0e7c0d07:142,pil_only|6bba_0e7c0d07:142|53,0,0,14.200995994628697,14.200995994628697
6bba_12665c0e,pil_only,6bba_12665c0e:988,pil_only|6bba_12665c0e:988|3,1,0,14.683538107222873,14.683538107222873
6bba_12665c0e,pil_only,6bba_12665c0e:261,pil_only|6bba_12665c0e:261|2,1,0,15.254658564756099,15.254658564756099
6bba_1d0d8384,pil_only,6bba_1d0d8384:334,pil_only|6bba_1d0d8384:334|42,0,0,6.79500339432209,6.79500339432209
6bba_207c6aaf,pil_only,6bba_207c6aaf:146,pil_only|6bba_207c6aaf:146|24,0,0,10.142693253507655,10.142693253507655
6bba_20852818,pil_only,6bba_20852818:335,pil_only|6bba_20852818:335|15,1,0,9.54245715031215,9.54245715031215
6bba_20852818,pil_only,6bba_20852818:766,pil_only|6bba_20852818:766|0,0,0,10.723406709588275,10.723406709588275
6bba_2312ac41,pil_only,6bba_2312ac41:281,pil_only|6bba_2312ac41:281|8,1,0,9.76496169012431,9.76496169012431
6bba_2312ac41,pil_only,6bba_2312ac41:157,pil_only|6bba_2312ac41:157|5,0,0,14.37918035414237,14.37918035414237
6bba_32db13fc,pil_only,6bba_32db13fc:115,pil_only|6bba_32db13fc:115|12,0,0,12.167090439049897,12.167090439049897
6bba_3c5691b6,pil_only,6bba_3c5691b6:84,pil_only|6bba_3c5691b6:84|3,0,0,15.276277796108259,15.276277796108259
6bba_3c5691b6,pil_only,6bba_3c5691b6:22,pil_only|6bba_3c5691b6:22|2,1,0,15.79680545236916,15.79680545236916
6bba_3fda6b25,pil_only,6bba_3fda6b25:264,pil_only|6bba_3fda6b25:264|3,1,0,13.309425609713074,13.309425609713074
6bba_4f99ce20,pil_only,6bba_4f99ce20:947,pil_only|6bba_4f99ce20:947|4,1,0,6.202961062323967,6.202961062323967
6bba_4f99ce20,pil_only,6bba_4f99ce20:269,pil_only|6bba_4f99ce20:269|4,1,0,12.285749226167784,12.285749226167784
6bba_57b7cc1e,pil_only,6bba_57b7cc1e:213,pil_only|6bba_57b7cc1e:213|31,0,0,11.572145558284419,11.572145558284419
6bba_57b7cc1e,pil_only,6bba_57b7cc1e:1276,pil_only|6bba_57b7cc1e:1276|17,1,0,13.687616424446484,13.687616424446484
6bba_67ebd073,pil_only,6bba_67ebd073:364,pil_only|6bba_67ebd073:364|1,1,0,13.62589281159357,13.62589281159357
6bba_74686d6a,pil_only,6bba_74686d6a:109,pil_only|6bba_74686d6a:109|21,0,0,11.965648459085084,11.965648459085084
6bba_74686d6a,pil_only,6bba_74686d6a:25,pil_only|6bba_74686d6a:25|5,1,0,15.148524209228167,15.148524209228167
6bba_78a7bd97,pil_only,6bba_78a7bd97:278,pil_only|6bba_78a7bd97:278|40,0,0,8.553778464792746,8.553778464792746
6bba_78a7bd97,pil_only,6bba_78a7bd97:338,pil_only|6bba_78a7bd97:338|45,1,0,11.069071167997492,11.069071167997492
6bba_7f87b3d8,pil_only,6bba_7f87b3d8:183,pil_only|6bba_7f87b3d8:183|6,0,0,13.859845305737267,13.859845305737267
6bba_87289e13,pil_only,6bba_87289e13:563,pil_only|6bba_87289e13:563|1,0,0,16.497635720392992,16.497635720392992
6bba_969618f6,pil_only,6bba_969618f6:301,pil_only|6bba_969618f6:301|17,1,0,8.788531233943473,8.788531233943473
6bba_969618f6,pil_only,6bba_969618f6:529,pil_only|6bba_969618f6:529|29,0,0,16.04245715031215,16.04245715031215
6bba_ab78413d,pil_only,6bba_ab78413d:813,pil_only|6bba_ab78413d:813|30,1,0,5.066805231718579,5.066805231718579
6bba_ab78413d,pil_only,6bba_ab78413d:922,pil_only|6bba_ab78413d:922|3,1,0,5.623820879448491,5.623820879448491
6bba_b204cac7,pil_only,6bba_b204cac7:607,pil_only|6bba_b204cac7:607|3,1,0,10.81784166806946,10.81784166806946
6bba_b204cac7,pil_only,6bba_b204cac7:774,pil_only|6bba_b204cac7:774|3,0,0,12.767656487813767,12.767656487813767
6bba_bb9f20c3,pil_only,6bba_bb9f20c3:1633,pil_only|6bba_bb9f20c3:1633|30,1,0,9.803536005659275,9.803536005659275
6bba_bb9f20c3,pil_only,6bba_bb9f20c3:556,pil_only|6bba_bb9f20c3:556|7,1,0,12.656736211201842,12.656736211201842
6bba_d1acb6ff,pil_only,6bba_d1acb6ff:414,pil_only|6bba_d1acb6ff:414|0,1,0,9.803536005659275,9.803536005659275
6bba_debd7bfa,pil_only,6bba_debd7bfa:72,pil_only|6bba_debd7bfa:72|7,0,0,10.551436021027564,10.551436021027564
6bba_debd7bfa,pil_only,6bba_debd7bfa:321,pil_only|6bba_debd7bfa:321|1,1,0,11.490485194281398,11.490485194281398
6bba_ebdf3b34,pil_only,6bba_ebdf3b34:709,pil_only|6bba_ebdf3b34:709|9,1,0,10.955193253507655,10.955193253507655
6bba_ebdf3b34,pil_only,6bba_ebdf3b34:166,pil_only|6bba_ebdf3b34:166|21,1,0,13.709349504354662,13.709349504354662
6bba_f20478e9,pil_only,6bba_f20478e9:220,pil_only|6bba_f20478e9:220|5,1,0,10.455639659304438,10.455639659304438
6bba_fe670320,pil_only,6bba_fe670320:4,pil_only|6bba_fe670320:4|2,0,0,10.642953354794138,10.642953354794138
6bba_fe670320,pil_only,6bba_fe670320:519,pil_only|6bba_fe670320:519|7,0,0,12.893846166387707,12.893846166387707
44b6_2a2eff9f,union,44b6_2a2eff9f:13,union|44b6_2a2eff9f:13|21,0,0,14.420444471305313,14.420444471305313
44b6_341df25f,union,44b6_341df25f:12,union|44b6_341df25f:12|6,1,0,11.902585084542888,11.902585084542888
44b6_587a1e22,union,44b6_587a1e22:24,union|44b6_587a1e22:24|8,0,0,13.249096102494306,13.249096102494306
44b6_5f15d135,union,44b6_5f15d135:103,union|44b6_5f15d135:103|23,0,0,11.896931284032714,11.896931284032714
44b6_706092f0,union,44b6_706092f0:50,union|44b6_706092f0:50|20,1,1,9.955363256256973,9.955363256256973
44b6_74d0c52e,union,44b6_74d0c52e:59,union|44b6_74d0c52e:59|33,0,1,10.27796447291276,10.27796447291276
44b6_7a302da0,union,44b6_7a302da0:474,union|44b6_7a302da0:474|64,0,0,7.128911613784949,7.128911613784949
44b6_996155de,union,44b6_996155de:60,union|44b6_996155de:60|0,1,0,8.658694077712559,8.658694077712559
44b6_9be80b04,union,44b6_9be80b04:155,union|44b6_9be80b04:155|66,1,0,9.017953354794138,9.017953354794138
44b6_a21120c2,union,44b6_a21120c2:174,union|44b6_a21120c2:174|27,1,0,6.673707090190986,6.673707090190986
44b6_a21120c2,union,44b6_a21120c2:210,union|44b6_a21120c2:210|42,1,0,10.921920485077838,10.921920485077838
44b6_aaf8b0ea,union,44b6_aaf8b0ea:93,union|44b6_aaf8b0ea:93|0,1,0,13.98907605333366,13.98907605333366
44b6_c50204e0,union,44b6_c50204e0:43,union|44b6_c50204e0:43|85,0,0,9.263490736021819,9.263490736021819
44b6_c50204e0,union,44b6_c50204e0:184,union|44b6_c50204e0:184|122,1,0,9.839761064056999,9.839761064056999
44b6_c8e2a523,union,44b6_c8e2a523:153,union|44b6_c8e2a523:153|38,1,1,7.965749949348259,7.965749949348259
44b6_d2f34f90,union,44b6_d2f34f90:137,union|44b6_d2f34f90:137|28,1,0,9.527338811792074,9.527338811792074
44b6_d2f34f90,union,44b6_d2f34f90:103,union|44b6_d2f34f90:103|12,1,0,10.455639659304438,10.455639659304438
44b6_d5e7d891,union,44b6_d5e7d891:455,union|44b6_d5e7d891:455|94,1,0,7.703763584174284,7.703763584174284
44b6_d5e7d891,union,44b6_d5e7d891:87,union|44b6_d5e7d891:87|188,0,1,10.200299146552977,10.200299146552977
44b6_d754aa59,union,44b6_d754aa59:54,union|44b6_d754aa59:54|3,1,0,13.045874503302855,13.045874503302855
44b6_deabac95,union,44b6_deabac95:15,union|44b6_deabac95:15|22,0,0,13.835503490986014,13.835503490986014
44b6_e28840c6,union,44b6_e28840c6:160,union|44b6_e28840c6:160|85,1,0,8.428371421515791,8.428371421515791
44b6_e28840c6,union,44b6_e28840c6:48,union|44b6_e28840c6:48|71,1,0,9.582363574780603,9.582363574780603
44b6_eb2880fc,union,44b6_eb2880fc:282,union|44b6_eb2880fc:282|171,0,2,9.804354799061581,9.804354799061581
6bba_05db0fb1,union,6bba_05db0fb1:229,union|6bba_05db0fb1:229|136,0,1,6.9410280582245125,6.9410280582245125
6bba_05db0fb1,union,6bba_05db0fb1:751,union|6bba_05db0fb1:751|111,0,1,7.452775472014362,7.452775472014362
6bba_085bf656,union,6bba_085bf656:181,union|6bba_085bf656:181|4,1,1,7.9527000516484225,7.9527000516484225
6bba_09961292,union,6bba_09961292:654,union|6bba_09961292:654|40,0,1,8.767869759337039,8.767869759337039
6bba_09961292,union,6bba_09961292:1166,union|6bba_09961292:1166|50,1,0,10.142693253507655,10.142693253507655
6bba_0e7c0d07,union,6bba_0e7c0d07:142,union|6bba_0e7c0d07:142|121,0,1,9.872447259783183,9.872447259783183
6bba_12665c0e,union,6bba_12665c0e:261,union|6bba_12665c0e:261|2,1,0,15.254658564756099,15.254658564756099
6bba_12665c0e,union,6bba_12665c0e:988,union|6bba_12665c0e:988|1,1,1,15.811173657039646,15.811173657039646
6bba_1d0d8384,union,6bba_1d0d8384:334,union|6bba_1d0d8384:334|60,0,0,6.79500339432209,6.79500339432209
6bba_207c6aaf,union,6bba_207c6aaf:146,union|6bba_207c6aaf:146|25,0,0,10.142693253507655,10.142693253507655
6bba_20852818,union,6bba_20852818:335,union|6bba_20852818:335|21,1,0,9.54245715031215,9.54245715031215
6bba_20852818,union,6bba_20852818:766,union|6bba_20852818:766|5,0,2,10.173779713064288,10.173779713064288
6bba_2312ac41,union,6bba_2312ac41:281,union|6bba_2312ac41:281|8,1,0,9.76496169012431,9.76496169012431
6bba_2312ac41,union,6bba_2312ac41:157,union|6bba_2312ac41:157|7,0,0,14.37918035414237,14.37918035414237
6bba_32db13fc,union,6bba_32db13fc:115,union|6bba_32db13fc:115|96,0,1,8.41235826779628,8.41235826779628
6bba_3c5691b6,union,6bba_3c5691b6:84,union|6bba_3c5691b6:84|3,0,0,15.276277796108259,15.276277796108259
6bba_3c5691b6,union,6bba_3c5691b6:22,union|6bba_3c5691b6:22|2,1,0,15.79680545236916,15.79680545236916
6bba_3fda6b25,union,6bba_3fda6b25:264,union|6bba_3fda6b25:264|3,1,0,13.309425609713074,13.309425609713074
6bba_4f99ce20,union,6bba_4f99ce20:947,union|6bba_4f99ce20:947|4,1,0,6.202961062323967,6.202961062323967
6bba_4f99ce20,union,6bba_4f99ce20:269,union|6bba_4f99ce20:269|7,0,1,9.901595461416724,9.901595461416724
6bba_57b7cc1e,union,6bba_57b7cc1e:213,union|6bba_57b7cc1e:213|36,0,0,11.572145558284419,11.572145558284419
6bba_57b7cc1e,union,6bba_57b7cc1e:1276,union|6bba_57b7cc1e:1276|20,1,0,13.687616424446484,13.687616424446484
6bba_61ecbe65,union,6bba_61ecbe65:200,union|6bba_61ecbe65:200|2,1,1,13.18494022481842,13.18494022481842
6bba_67ebd073,union,6bba_67ebd073:364,union|6bba_67ebd073:364|1,1,0,13.62589281159357,13.62589281159357
6bba_74686d6a,union,6bba_74686d6a:109,union|6bba_74686d6a:109|32,0,0,11.965648459085084,11.965648459085084
6bba_74686d6a,union,6bba_74686d6a:25,union|6bba_74686d6a:25|31,0,2,13.683559754478479,13.683559754478479
6bba_78a7bd97,union,6bba_78a7bd97:338,union|6bba_78a7bd97:338|56,1,0,11.069071167997492,11.069071167997492
6bba_78a7bd97,union,6bba_78a7bd97:278,union|6bba_78a7bd97:278|80,0,2,13.08579335503218,13.08579335503218
6bba_7f87b3d8,union,6bba_7f87b3d8:183,union|6bba_7f87b3d8:183|16,0,1,11.080348977001876,11.080348977001876
6bba_87289e13,union,6bba_87289e13:563,union|6bba_87289e13:563|1,0,0,16.497635720392992,16.497635720392992
6bba_969618f6,union,6bba_969618f6:529,union|6bba_969618f6:529|51,0,1,7.288801211323866,7.288801211323866
6bba_969618f6,union,6bba_969618f6:301,union|6bba_969618f6:301|21,1,0,8.788531233943473,8.788531233943473
6bba_ab78413d,union,6bba_ab78413d:813,union|6bba_ab78413d:813|43,1,0,5.066805231718579,5.066805231718579
6bba_ab78413d,union,6bba_ab78413d:922,union|6bba_ab78413d:922|5,1,0,5.623820879448491,5.623820879448491
6bba_b204cac7,union,6bba_b204cac7:607,union|6bba_b204cac7:607|3,1,0,10.81784166806946,10.81784166806946
6bba_b204cac7,union,6bba_b204cac7:774,union|6bba_b204cac7:774|3,0,0,12.767656487813767,12.767656487813767
6bba_bb9f20c3,union,6bba_bb9f20c3:1633,union|6bba_bb9f20c3:1633|37,1,0,9.803536005659275,9.803536005659275
6bba_bb9f20c3,union,6bba_bb9f20c3:556,union|6bba_bb9f20c3:556|7,1,0,12.656736211201842,12.656736211201842
6bba_d1acb6ff,union,6bba_d1acb6ff:414,union|6bba_d1acb6ff:414|0,1,0,9.803536005659275,9.803536005659275
6bba_debd7bfa,union,6bba_debd7bfa:72,union|6bba_debd7bfa:72|8,0,0,10.551436021027564,10.551436021027564
6bba_debd7bfa,union,6bba_debd7bfa:321,union|6bba_debd7bfa:321|1,1,0,11.490485194281398,11.490485194281398
6bba_ebdf3b34,union,6bba_ebdf3b34:709,union|6bba_ebdf3b34:709|10,1,0,10.955193253507655,10.955193253507655
6bba_ebdf3b34,union,6bba_ebdf3b34:166,union|6bba_ebdf3b34:166|77,0,1,12.52614424465092,12.52614424465092
6bba_f20478e9,union,6bba_f20478e9:220,union|6bba_f20478e9:220|5,1,0,10.455639659304438,10.455639659304438
6bba_fe670320,union,6bba_fe670320:4,union|6bba_fe670320:4|2,0,0,10.642953354794138,10.642953354794138
6bba_fe670320,union,6bba_fe670320:519,union|6bba_fe670320:519|7,0,0,12.893846166387707,12.893846166387707
