video,event_id,candidate_id,label,arm
44b6_2a2eff9f,44b6_2a2eff9f:13,union|44b6_2a2eff9f:13|21,0,geometry_1_05_focus0
44b6_341df25f,44b6_341df25f:12,union|44b6_341df25f:12|6,1,geometry_1_05_focus0
44b6_587a1e22,44b6_587a1e22:24,union|44b6_587a1e22:24|8,0,geometry_1_05_focus0
44b6_5f15d135,44b6_5f15d135:103,union|44b6_5f15d135:103|23,0,geometry_1_05_focus0
44b6_706092f0,44b6_706092f0:50,union|44b6_706092f0:50|20,1,geometry_1_05_focus0
44b6_74d0c52e,44b6_74d0c52e:59,union|44b6_74d0c52e:59|33,0,geometry_1_05_focus0
44b6_7a302da0,44b6_7a302da0:474,union|44b6_7a302da0:474|64,0,geometry_1_05_focus0
44b6_996155de,44b6_996155de:60,union|44b6_996155de:60|0,1,geometry_1_05_focus0
44b6_9be80b04,44b6_9be80b04:155,union|44b6_9be80b04:155|66,1,geometry_1_05_focus0
44b6_a21120c2,44b6_a21120c2:174,union|44b6_a21120c2:174|27,1,geometry_1_05_focus0
44b6_a21120c2,44b6_a21120c2:210,union|44b6_a21120c2:210|42,1,geometry_1_05_focus0
44b6_aaf8b0ea,44b6_aaf8b0ea:93,union|44b6_aaf8b0ea:93|0,1,geometry_1_05_focus0
44b6_c50204e0,44b6_c50204e0:43,union|44b6_c50204e0:43|85,0,geometry_1_05_focus0
44b6_c50204e0,44b6_c50204e0:184,union|44b6_c50204e0:184|122,1,geometry_1_05_focus0
44b6_c8e2a523,44b6_c8e2a523:153,union|44b6_c8e2a523:153|38,1,geometry_1_05_focus0
44b6_d2f34f90,44b6_d2f34f90:137,union|44b6_d2f34f90:137|28,1,geometry_1_05_focus0
44b6_d2f34f90,44b6_d2f34f90:103,union|44b6_d2f34f90:103|12,1,geometry_1_05_focus0
44b6_d5e7d891,44b6_d5e7d891:455,union|44b6_d5e7d891:455|94,1,geometry_1_05_focus0
44b6_d5e7d891,44b6_d5e7d891:87,union|44b6_d5e7d891:87|188,0,geometry_1_05_focus0
44b6_d754aa59,44b6_d754aa59:54,union|44b6_d754aa59:54|3,1,geometry_1_05_focus0
44b6_deabac95,44b6_deabac95:15,union|44b6_deabac95:15|22,0,geometry_1_05_focus0
44b6_e28840c6,44b6_e28840c6:160,union|44b6_e28840c6:160|85,1,geometry_1_05_focus0
44b6_e28840c6,44b6_e28840c6:48,union|44b6_e28840c6:48|71,1,geometry_1_05_focus0
44b6_eb2880fc,44b6_eb2880fc:282,union|44b6_eb2880fc:282|171,0,geometry_1_05_focus0
6bba_05db0fb1,6bba_05db0fb1:229,union|6bba_05db0fb1:229|136,0,geometry_1_05_focus0
6bba_05db0fb1,6bba_05db0fb1:751,union|6bba_05db0fb1:751|111,0,geometry_1_05_focus0
6bba_085bf656,6bba_085bf656:181,union|6bba_085bf656:181|4,1,geometry_1_05_focus0
6bba_09961292,6bba_09961292:654,union|6bba_09961292:654|40,0,geometry_1_05_focus0
6bba_09961292,6bba_09961292:1166,union|6bba_09961292:1166|50,1,geometry_1_05_focus0
6bba_0e7c0d07,6bba_0e7c0d07:142,union|6bba_0e7c0d07:142|121,0,geometry_1_05_focus0
6bba_12665c0e,6bba_12665c0e:261,union|6bba_12665c0e:261|2,1,geometry_1_05_focus0
6bba_12665c0e,6bba_12665c0e:988,union|6bba_12665c0e:988|1,1,geometry_1_05_focus0
6bba_1d0d8384,6bba_1d0d8384:334,union|6bba_1d0d8384:334|60,0,geometry_1_05_focus0
6bba_207c6aaf,6bba_207c6aaf:146,union|6bba_207c6aaf:146|25,0,geometry_1_05_focus0
6bba_20852818,6bba_20852818:335,union|6bba_20852818:335|21,1,geometry_1_05_focus0
6bba_20852818,6bba_20852818:766,union|6bba_20852818:766|5,0,geometry_1_05_focus0
6bba_2312ac41,6bba_2312ac41:281,union|6bba_2312ac41:281|8,1,geometry_1_05_focus0
6bba_2312ac41,6bba_2312ac41:157,union|6bba_2312ac41:157|7,0,geometry_1_05_focus0
6bba_32db13fc,6bba_32db13fc:115,union|6bba_32db13fc:115|96,0,geometry_1_05_focus0
6bba_3c5691b6,6bba_3c5691b6:84,union|6bba_3c5691b6:84|3,0,geometry_1_05_focus0
6bba_3c5691b6,6bba_3c5691b6:22,union|6bba_3c5691b6:22|2,1,geometry_1_05_focus0
6bba_3fda6b25,6bba_3fda6b25:264,union|6bba_3fda6b25:264|3,1,geometry_1_05_focus0
6bba_4f99ce20,6bba_4f99ce20:947,union|6bba_4f99ce20:947|4,1,geometry_1_05_focus0
6bba_4f99ce20,6bba_4f99ce20:269,union|6bba_4f99ce20:269|7,0,geometry_1_05_focus0
6bba_57b7cc1e,6bba_57b7cc1e:213,union|6bba_57b7cc1e:213|36,0,geometry_1_05_focus0
6bba_57b7cc1e,6bba_57b7cc1e:1276,union|6bba_57b7cc1e:1276|20,1,geometry_1_05_focus0
6bba_61ecbe65,6bba_61ecbe65:200,union|6bba_61ecbe65:200|2,1,geometry_1_05_focus0
6bba_67ebd073,6bba_67ebd073:364,union|6bba_67ebd073:364|1,1,geometry_1_05_focus0
6bba_74686d6a,6bba_74686d6a:109,union|6bba_74686d6a:109|32,0,geometry_1_05_focus0
6bba_74686d6a,6bba_74686d6a:25,union|6bba_74686d6a:25|31,0,geometry_1_05_focus0
6bba_78a7bd97,6bba_78a7bd97:338,union|6bba_78a7bd97:338|56,1,geometry_1_05_focus0
6bba_78a7bd97,6bba_78a7bd97:278,union|6bba_78a7bd97:278|80,0,geometry_1_05_focus0
6bba_7f87b3d8,6bba_7f87b3d8:183,union|6bba_7f87b3d8:183|16,0,geometry_1_05_focus0
6bba_87289e13,6bba_87289e13:563,union|6bba_87289e13:563|1,0,geometry_1_05_focus0
6bba_969618f6,6bba_969618f6:529,union|6bba_969618f6:529|51,0,geometry_1_05_focus0
6bba_969618f6,6bba_969618f6:301,union|6bba_969618f6:301|21,1,geometry_1_05_focus0
6bba_ab78413d,6bba_ab78413d:813,union|6bba_ab78413d:813|43,1,geometry_1_05_focus0
6bba_ab78413d,6bba_ab78413d:922,union|6bba_ab78413d:922|5,1,geometry_1_05_focus0
6bba_b204cac7,6bba_b204cac7:607,union|6bba_b204cac7:607|3,1,geometry_1_05_focus0
6bba_b204cac7,6bba_b204cac7:774,union|6bba_b204cac7:774|3,0,geometry_1_05_focus0
6bba_bb9f20c3,6bba_bb9f20c3:1633,union|6bba_bb9f20c3:1633|37,1,geometry_1_05_focus0
6bba_bb9f20c3,6bba_bb9f20c3:556,union|6bba_bb9f20c3:556|7,1,geometry_1_05_focus0
6bba_d1acb6ff,6bba_d1acb6ff:414,union|6bba_d1acb6ff:414|0,1,geometry_1_05_focus0
6bba_debd7bfa,6bba_debd7bfa:72,union|6bba_debd7bfa:72|8,0,geometry_1_05_focus0
6bba_debd7bfa,6bba_debd7bfa:321,union|6bba_debd7bfa:321|1,1,geometry_1_05_focus0
6bba_ebdf3b34,6bba_ebdf3b34:709,union|6bba_ebdf3b34:709|10,1,geometry_1_05_focus0
6bba_ebdf3b34,6bba_ebdf3b34:166,union|6bba_ebdf3b34:166|77,0,geometry_1_05_focus0
6bba_f20478e9,6bba_f20478e9:220,union|6bba_f20478e9:220|5,1,geometry_1_05_focus0
6bba_fe670320,6bba_fe670320:4,union|6bba_fe670320:4|2,0,geometry_1_05_focus0
6bba_fe670320,6bba_fe670320:519,union|6bba_fe670320:519|7,0,geometry_1_05_focus0
44b6_2a2eff9f,44b6_2a2eff9f:13,union|44b6_2a2eff9f:13|21,0,logistic_base
44b6_341df25f,44b6_341df25f:12,union|44b6_341df25f:12|6,1,logistic_base
44b6_587a1e22,44b6_587a1e22:24,union|44b6_587a1e22:24|8,0,logistic_base
44b6_5f15d135,44b6_5f15d135:103,union|44b6_5f15d135:103|23,0,logistic_base
44b6_706092f0,44b6_706092f0:50,union|44b6_706092f0:50|20,1,logistic_base
44b6_74d0c52e,44b6_74d0c52e:59,union|44b6_74d0c52e:59|29,0,logistic_base
44b6_7a302da0,44b6_7a302da0:474,union|44b6_7a302da0:474|64,0,logistic_base
44b6_996155de,44b6_996155de:60,union|44b6_996155de:60|0,1,logistic_base
44b6_9be80b04,44b6_9be80b04:155,union|44b6_9be80b04:155|66,1,logistic_base
44b6_a21120c2,44b6_a21120c2:174,union|44b6_a21120c2:174|27,1,logistic_base
44b6_a21120c2,44b6_a21120c2:210,union|44b6_a21120c2:210|42,1,logistic_base
44b6_aaf8b0ea,44b6_aaf8b0ea:93,union|44b6_aaf8b0ea:93|0,1,logistic_base
44b6_c50204e0,44b6_c50204e0:184,union|44b6_c50204e0:184|122,1,logistic_base
44b6_c50204e0,44b6_c50204e0:43,union|44b6_c50204e0:43|106,0,logistic_base
44b6_c8e2a523,44b6_c8e2a523:153,union|44b6_c8e2a523:153|38,1,logistic_base
44b6_d2f34f90,44b6_d2f34f90:103,union|44b6_d2f34f90:103|12,1,logistic_base
44b6_d2f34f90,44b6_d2f34f90:137,union|44b6_d2f34f90:137|28,1,logistic_base
44b6_d5e7d891,44b6_d5e7d891:455,union|44b6_d5e7d891:455|94,1,logistic_base
44b6_d5e7d891,44b6_d5e7d891:87,union|44b6_d5e7d891:87|97,1,logistic_base
44b6_d754aa59,44b6_d754aa59:54,union|44b6_d754aa59:54|3,1,logistic_base
44b6_deabac95,44b6_deabac95:15,union|44b6_deabac95:15|29,1,logistic_base
44b6_e28840c6,44b6_e28840c6:48,union|44b6_e28840c6:48|71,1,logistic_base
44b6_e28840c6,44b6_e28840c6:160,union|44b6_e28840c6:160|85,1,logistic_base
44b6_eb2880fc,44b6_eb2880fc:282,union|44b6_eb2880fc:282|91,0,logistic_base
6bba_05db0fb1,6bba_05db0fb1:751,union|6bba_05db0fb1:751|78,0,logistic_base
6bba_05db0fb1,6bba_05db0fb1:229,union|6bba_05db0fb1:229|87,1,logistic_base
6bba_085bf656,6bba_085bf656:181,union|6bba_085bf656:181|4,1,logistic_base
6bba_09961292,6bba_09961292:1166,union|6bba_09961292:1166|50,1,logistic_base
6bba_09961292,6bba_09961292:654,union|6bba_09961292:654|13,0,logistic_base
6bba_0e7c0d07,6bba_0e7c0d07:142,union|6bba_0e7c0d07:142|113,0,logistic_base
6bba_12665c0e,6bba_12665c0e:261,union|6bba_12665c0e:261|2,1,logistic_base
6bba_12665c0e,6bba_12665c0e:988,union|6bba_12665c0e:988|1,1,logistic_base
6bba_1d0d8384,6bba_1d0d8384:334,union|6bba_1d0d8384:334|60,0,logistic_base
6bba_207c6aaf,6bba_207c6aaf:146,union|6bba_207c6aaf:146|25,0,logistic_base
6bba_20852818,6bba_20852818:335,union|6bba_20852818:335|21,1,logistic_base
6bba_20852818,6bba_20852818:766,union|6bba_20852818:766|5,0,logistic_base
6bba_2312ac41,6bba_2312ac41:281,union|6bba_2312ac41:281|8,1,logistic_base
6bba_2312ac41,6bba_2312ac41:157,union|6bba_2312ac41:157|13,0,logistic_base
6bba_32db13fc,6bba_32db13fc:115,union|6bba_32db13fc:115|55,0,logistic_base
6bba_3c5691b6,6bba_3c5691b6:84,union|6bba_3c5691b6:84|4,0,logistic_base
6bba_3c5691b6,6bba_3c5691b6:22,union|6bba_3c5691b6:22|2,1,logistic_base
6bba_3fda6b25,6bba_3fda6b25:264,union|6bba_3fda6b25:264|3,1,logistic_base
6bba_4f99ce20,6bba_4f99ce20:947,union|6bba_4f99ce20:947|4,1,logistic_base
6bba_4f99ce20,6bba_4f99ce20:269,union|6bba_4f99ce20:269|6,1,logistic_base
6bba_57b7cc1e,6bba_57b7cc1e:1276,union|6bba_57b7cc1e:1276|20,1,logistic_base
6bba_57b7cc1e,6bba_57b7cc1e:213,union|6bba_57b7cc1e:213|28,0,logistic_base
6bba_61ecbe65,6bba_61ecbe65:200,union|6bba_61ecbe65:200|2,1,logistic_base
6bba_67ebd073,6bba_67ebd073:364,union|6bba_67ebd073:364|1,1,logistic_base
6bba_74686d6a,6bba_74686d6a:109,union|6bba_74686d6a:109|32,0,logistic_base
6bba_74686d6a,6bba_74686d6a:25,union|6bba_74686d6a:25|7,1,logistic_base
6bba_78a7bd97,6bba_78a7bd97:338,union|6bba_78a7bd97:338|56,1,logistic_base
6bba_78a7bd97,6bba_78a7bd97:278,union|6bba_78a7bd97:278|38,1,logistic_base
6bba_7f87b3d8,6bba_7f87b3d8:183,union|6bba_7f87b3d8:183|11,0,logistic_base
6bba_87289e13,6bba_87289e13:563,union|6bba_87289e13:563|0,1,logistic_base
6bba_969618f6,6bba_969618f6:301,union|6bba_969618f6:301|21,1,logistic_base
6bba_969618f6,6bba_969618f6:529,union|6bba_969618f6:529|50,0,logistic_base
6bba_ab78413d,6bba_ab78413d:813,union|6bba_ab78413d:813|43,1,logistic_base
6bba_ab78413d,6bba_ab78413d:922,union|6bba_ab78413d:922|5,1,logistic_base
6bba_b204cac7,6bba_b204cac7:607,union|6bba_b204cac7:607|3,1,logistic_base
6bba_b204cac7,6bba_b204cac7:774,union|6bba_b204cac7:774|3,0,logistic_base
6bba_bb9f20c3,6bba_bb9f20c3:1633,union|6bba_bb9f20c3:1633|37,1,logistic_base
6bba_bb9f20c3,6bba_bb9f20c3:556,union|6bba_bb9f20c3:556|7,1,logistic_base
6bba_d1acb6ff,6bba_d1acb6ff:414,union|6bba_d1acb6ff:414|0,1,logistic_base
6bba_debd7bfa,6bba_debd7bfa:72,union|6bba_debd7bfa:72|7,1,logistic_base
6bba_debd7bfa,6bba_debd7bfa:321,union|6bba_debd7bfa:321|1,1,logistic_base
6bba_ebdf3b34,6bba_ebdf3b34:709,union|6bba_ebdf3b34:709|10,1,logistic_base
6bba_ebdf3b34,6bba_ebdf3b34:166,union|6bba_ebdf3b34:166|27,1,logistic_base
6bba_f20478e9,6bba_f20478e9:220,union|6bba_f20478e9:220|5,1,logistic_base
6bba_fe670320,6bba_fe670320:4,union|6bba_fe670320:4|2,0,logistic_base
6bba_fe670320,6bba_fe670320:519,union|6bba_fe670320:519|3,1,logistic_base
44b6_2a2eff9f,44b6_2a2eff9f:13,union|44b6_2a2eff9f:13|21,0,logistic_mask_geometry
44b6_341df25f,44b6_341df25f:12,union|44b6_341df25f:12|6,1,logistic_mask_geometry
44b6_587a1e22,44b6_587a1e22:24,union|44b6_587a1e22:24|8,0,logistic_mask_geometry
44b6_5f15d135,44b6_5f15d135:103,union|44b6_5f15d135:103|23,0,logistic_mask_geometry
44b6_706092f0,44b6_706092f0:50,union|44b6_706092f0:50|20,1,logistic_mask_geometry
44b6_74d0c52e,44b6_74d0c52e:59,union|44b6_74d0c52e:59|29,0,logistic_mask_geometry
44b6_7a302da0,44b6_7a302da0:474,union|44b6_7a302da0:474|45,1,logistic_mask_geometry
44b6_996155de,44b6_996155de:60,union|44b6_996155de:60|0,1,logistic_mask_geometry
44b6_9be80b04,44b6_9be80b04:155,union|44b6_9be80b04:155|66,1,logistic_mask_geometry
44b6_a21120c2,44b6_a21120c2:174,union|44b6_a21120c2:174|27,1,logistic_mask_geometry
44b6_a21120c2,44b6_a21120c2:210,union|44b6_a21120c2:210|42,1,logistic_mask_geometry
44b6_aaf8b0ea,44b6_aaf8b0ea:93,union|44b6_aaf8b0ea:93|0,1,logistic_mask_geometry
44b6_c50204e0,44b6_c50204e0:184,union|44b6_c50204e0:184|122,1,logistic_mask_geometry
44b6_c50204e0,44b6_c50204e0:43,union|44b6_c50204e0:43|106,0,logistic_mask_geometry
44b6_c8e2a523,44b6_c8e2a523:153,union|44b6_c8e2a523:153|38,1,logistic_mask_geometry
44b6_d2f34f90,44b6_d2f34f90:103,union|44b6_d2f34f90:103|12,1,logistic_mask_geometry
44b6_d2f34f90,44b6_d2f34f90:137,union|44b6_d2f34f90:137|28,1,logistic_mask_geometry
44b6_d5e7d891,44b6_d5e7d891:455,union|44b6_d5e7d891:455|94,1,logistic_mask_geometry
44b6_d5e7d891,44b6_d5e7d891:87,union|44b6_d5e7d891:87|97,1,logistic_mask_geometry
44b6_d754aa59,44b6_d754aa59:54,union|44b6_d754aa59:54|3,1,logistic_mask_geometry
44b6_deabac95,44b6_deabac95:15,union|44b6_deabac95:15|23,0,logistic_mask_geometry
44b6_e28840c6,44b6_e28840c6:48,union|44b6_e28840c6:48|71,1,logistic_mask_geometry
44b6_e28840c6,44b6_e28840c6:160,union|44b6_e28840c6:160|85,1,logistic_mask_geometry
44b6_eb2880fc,44b6_eb2880fc:282,union|44b6_eb2880fc:282|91,0,logistic_mask_geometry
6bba_05db0fb1,6bba_05db0fb1:751,union|6bba_05db0fb1:751|78,0,logistic_mask_geometry
6bba_05db0fb1,6bba_05db0fb1:229,union|6bba_05db0fb1:229|87,1,logistic_mask_geometry
6bba_085bf656,6bba_085bf656:181,union|6bba_085bf656:181|4,1,logistic_mask_geometry
6bba_09961292,6bba_09961292:1166,union|6bba_09961292:1166|50,1,logistic_mask_geometry
6bba_09961292,6bba_09961292:654,union|6bba_09961292:654|13,0,logistic_mask_geometry
6bba_0e7c0d07,6bba_0e7c0d07:142,union|6bba_0e7c0d07:142|25,0,logistic_mask_geometry
6bba_12665c0e,6bba_12665c0e:261,union|6bba_12665c0e:261|2,1,logistic_mask_geometry
6bba_12665c0e,6bba_12665c0e:988,union|6bba_12665c0e:988|1,1,logistic_mask_geometry
6bba_1d0d8384,6bba_1d0d8384:334,union|6bba_1d0d8384:334|60,0,logistic_mask_geometry
6bba_207c6aaf,6bba_207c6aaf:146,union|6bba_207c6aaf:146|25,0,logistic_mask_geometry
6bba_20852818,6bba_20852818:335,union|6bba_20852818:335|21,1,logistic_mask_geometry
6bba_20852818,6bba_20852818:766,union|6bba_20852818:766|5,0,logistic_mask_geometry
6bba_2312ac41,6bba_2312ac41:281,union|6bba_2312ac41:281|8,1,logistic_mask_geometry
6bba_2312ac41,6bba_2312ac41:157,union|6bba_2312ac41:157|9,1,logistic_mask_geometry
6bba_32db13fc,6bba_32db13fc:115,union|6bba_32db13fc:115|18,0,logistic_mask_geometry
6bba_3c5691b6,6bba_3c5691b6:84,union|6bba_3c5691b6:84|5,1,logistic_mask_geometry
6bba_3c5691b6,6bba_3c5691b6:22,union|6bba_3c5691b6:22|2,1,logistic_mask_geometry
6bba_3fda6b25,6bba_3fda6b25:264,union|6bba_3fda6b25:264|3,1,logistic_mask_geometry
6bba_4f99ce20,6bba_4f99ce20:947,union|6bba_4f99ce20:947|4,1,logistic_mask_geometry
6bba_4f99ce20,6bba_4f99ce20:269,union|6bba_4f99ce20:269|6,1,logistic_mask_geometry
6bba_57b7cc1e,6bba_57b7cc1e:1276,union|6bba_57b7cc1e:1276|20,1,logistic_mask_geometry
6bba_57b7cc1e,6bba_57b7cc1e:213,union|6bba_57b7cc1e:213|28,0,logistic_mask_geometry
6bba_61ecbe65,6bba_61ecbe65:200,union|6bba_61ecbe65:200|2,1,logistic_mask_geometry
6bba_67ebd073,6bba_67ebd073:364,union|6bba_67ebd073:364|1,1,logistic_mask_geometry
6bba_74686d6a,6bba_74686d6a:109,union|6bba_74686d6a:109|32,0,logistic_mask_geometry
6bba_74686d6a,6bba_74686d6a:25,union|6bba_74686d6a:25|7,1,logistic_mask_geometry
6bba_78a7bd97,6bba_78a7bd97:338,union|6bba_78a7bd97:338|56,1,logistic_mask_geometry
6bba_78a7bd97,6bba_78a7bd97:278,union|6bba_78a7bd97:278|38,1,logistic_mask_geometry
6bba_7f87b3d8,6bba_7f87b3d8:183,union|6bba_7f87b3d8:183|16,0,logistic_mask_geometry
6bba_87289e13,6bba_87289e13:563,union|6bba_87289e13:563|0,1,logistic_mask_geometry
6bba_969618f6,6bba_969618f6:301,union|6bba_969618f6:301|21,1,logistic_mask_geometry
6bba_969618f6,6bba_969618f6:529,union|6bba_969618f6:529|65,0,logistic_mask_geometry
6bba_ab78413d,6bba_ab78413d:813,union|6bba_ab78413d:813|43,1,logistic_mask_geometry
6bba_ab78413d,6bba_ab78413d:922,union|6bba_ab78413d:922|5,1,logistic_mask_geometry
6bba_b204cac7,6bba_b204cac7:607,union|6bba_b204cac7:607|3,1,logistic_mask_geometry
6bba_b204cac7,6bba_b204cac7:774,union|6bba_b204cac7:774|3,0,logistic_mask_geometry
6bba_bb9f20c3,6bba_bb9f20c3:1633,union|6bba_bb9f20c3:1633|37,1,logistic_mask_geometry
6bba_bb9f20c3,6bba_bb9f20c3:556,union|6bba_bb9f20c3:556|7,1,logistic_mask_geometry
6bba_d1acb6ff,6bba_d1acb6ff:414,union|6bba_d1acb6ff:414|0,1,logistic_mask_geometry
6bba_debd7bfa,6bba_debd7bfa:72,union|6bba_debd7bfa:72|7,1,logistic_mask_geometry
6bba_debd7bfa,6bba_debd7bfa:321,union|6bba_debd7bfa:321|1,1,logistic_mask_geometry
6bba_ebdf3b34,6bba_ebdf3b34:709,union|6bba_ebdf3b34:709|10,1,logistic_mask_geometry
6bba_ebdf3b34,6bba_ebdf3b34:166,union|6bba_ebdf3b34:166|33,0,logistic_mask_geometry
6bba_f20478e9,6bba_f20478e9:220,union|6bba_f20478e9:220|5,1,logistic_mask_geometry
6bba_fe670320,6bba_fe670320:4,union|6bba_fe670320:4|2,0,logistic_mask_geometry
6bba_fe670320,6bba_fe670320:519,union|6bba_fe670320:519|3,1,logistic_mask_geometry
44b6_2a2eff9f,44b6_2a2eff9f:13,union|44b6_2a2eff9f:13|21,0,logistic_mask_quality
44b6_341df25f,44b6_341df25f:12,union|44b6_341df25f:12|6,1,logistic_mask_quality
44b6_587a1e22,44b6_587a1e22:24,union|44b6_587a1e22:24|8,0,logistic_mask_quality
44b6_5f15d135,44b6_5f15d135:103,union|44b6_5f15d135:103|20,1,logistic_mask_quality
44b6_706092f0,44b6_706092f0:50,union|44b6_706092f0:50|20,1,logistic_mask_quality
44b6_74d0c52e,44b6_74d0c52e:59,union|44b6_74d0c52e:59|29,0,logistic_mask_quality
44b6_7a302da0,44b6_7a302da0:474,union|44b6_7a302da0:474|64,0,logistic_mask_quality
44b6_996155de,44b6_996155de:60,union|44b6_996155de:60|0,1,logistic_mask_quality
44b6_9be80b04,44b6_9be80b04:155,union|44b6_9be80b04:155|66,1,logistic_mask_quality
44b6_a21120c2,44b6_a21120c2:174,union|44b6_a21120c2:174|27,1,logistic_mask_quality
44b6_a21120c2,44b6_a21120c2:210,union|44b6_a21120c2:210|42,1,logistic_mask_quality
44b6_aaf8b0ea,44b6_aaf8b0ea:93,union|44b6_aaf8b0ea:93|0,1,logistic_mask_quality
44b6_c50204e0,44b6_c50204e0:184,union|44b6_c50204e0:184|122,1,logistic_mask_quality
44b6_c50204e0,44b6_c50204e0:43,union|44b6_c50204e0:43|106,0,logistic_mask_quality
44b6_c8e2a523,44b6_c8e2a523:153,union|44b6_c8e2a523:153|22,0,logistic_mask_quality
44b6_d2f34f90,44b6_d2f34f90:103,union|44b6_d2f34f90:103|12,1,logistic_mask_quality
44b6_d2f34f90,44b6_d2f34f90:137,union|44b6_d2f34f90:137|28,1,logistic_mask_quality
44b6_d5e7d891,44b6_d5e7d891:455,union|44b6_d5e7d891:455|94,1,logistic_mask_quality
44b6_d5e7d891,44b6_d5e7d891:87,union|44b6_d5e7d891:87|97,1,logistic_mask_quality
44b6_d754aa59,44b6_d754aa59:54,union|44b6_d754aa59:54|3,1,logistic_mask_quality
44b6_deabac95,44b6_deabac95:15,union|44b6_deabac95:15|23,0,logistic_mask_quality
44b6_e28840c6,44b6_e28840c6:48,union|44b6_e28840c6:48|71,1,logistic_mask_quality
44b6_e28840c6,44b6_e28840c6:160,union|44b6_e28840c6:160|85,1,logistic_mask_quality
44b6_eb2880fc,44b6_eb2880fc:282,union|44b6_eb2880fc:282|91,0,logistic_mask_quality
6bba_05db0fb1,6bba_05db0fb1:751,union|6bba_05db0fb1:751|78,0,logistic_mask_quality
6bba_05db0fb1,6bba_05db0fb1:229,union|6bba_05db0fb1:229|87,1,logistic_mask_quality
6bba_085bf656,6bba_085bf656:181,union|6bba_085bf656:181|4,1,logistic_mask_quality
6bba_09961292,6bba_09961292:1166,union|6bba_09961292:1166|50,1,logistic_mask_quality
6bba_09961292,6bba_09961292:654,union|6bba_09961292:654|11,0,logistic_mask_quality
6bba_0e7c0d07,6bba_0e7c0d07:142,union|6bba_0e7c0d07:142|25,0,logistic_mask_quality
6bba_12665c0e,6bba_12665c0e:261,union|6bba_12665c0e:261|2,1,logistic_mask_quality
6bba_12665c0e,6bba_12665c0e:988,union|6bba_12665c0e:988|1,1,logistic_mask_quality
6bba_1d0d8384,6bba_1d0d8384:334,union|6bba_1d0d8384:334|60,0,logistic_mask_quality
6bba_207c6aaf,6bba_207c6aaf:146,union|6bba_207c6aaf:146|25,0,logistic_mask_quality
6bba_20852818,6bba_20852818:335,union|6bba_20852818:335|21,1,logistic_mask_quality
6bba_20852818,6bba_20852818:766,union|6bba_20852818:766|5,0,logistic_mask_quality
6bba_2312ac41,6bba_2312ac41:281,union|6bba_2312ac41:281|8,1,logistic_mask_quality
6bba_2312ac41,6bba_2312ac41:157,union|6bba_2312ac41:157|9,1,logistic_mask_quality
6bba_32db13fc,6bba_32db13fc:115,union|6bba_32db13fc:115|18,0,logistic_mask_quality
6bba_3c5691b6,6bba_3c5691b6:84,union|6bba_3c5691b6:84|5,1,logistic_mask_quality
6bba_3c5691b6,6bba_3c5691b6:22,union|6bba_3c5691b6:22|2,1,logistic_mask_quality
6bba_3fda6b25,6bba_3fda6b25:264,union|6bba_3fda6b25:264|3,1,logistic_mask_quality
6bba_4f99ce20,6bba_4f99ce20:947,union|6bba_4f99ce20:947|4,1,logistic_mask_quality
6bba_4f99ce20,6bba_4f99ce20:269,union|6bba_4f99ce20:269|6,1,logistic_mask_quality
6bba_57b7cc1e,6bba_57b7cc1e:1276,union|6bba_57b7cc1e:1276|20,1,logistic_mask_quality
6bba_57b7cc1e,6bba_57b7cc1e:213,union|6bba_57b7cc1e:213|36,0,logistic_mask_quality
6bba_61ecbe65,6bba_61ecbe65:200,union|6bba_61ecbe65:200|2,1,logistic_mask_quality
6bba_67ebd073,6bba_67ebd073:364,union|6bba_67ebd073:364|1,1,logistic_mask_quality
6bba_74686d6a,6bba_74686d6a:109,union|6bba_74686d6a:109|32,0,logistic_mask_quality
6bba_74686d6a,6bba_74686d6a:25,union|6bba_74686d6a:25|7,1,logistic_mask_quality
6bba_78a7bd97,6bba_78a7bd97:338,union|6bba_78a7bd97:338|56,1,logistic_mask_quality
6bba_78a7bd97,6bba_78a7bd97:278,union|6bba_78a7bd97:278|38,1,logistic_mask_quality
6bba_7f87b3d8,6bba_7f87b3d8:183,union|6bba_7f87b3d8:183|16,0,logistic_mask_quality
6bba_87289e13,6bba_87289e13:563,union|6bba_87289e13:563|0,1,logistic_mask_quality
6bba_969618f6,6bba_969618f6:301,union|6bba_969618f6:301|21,1,logistic_mask_quality
6bba_969618f6,6bba_969618f6:529,union|6bba_969618f6:529|65,0,logistic_mask_quality
6bba_ab78413d,6bba_ab78413d:813,union|6bba_ab78413d:813|43,1,logistic_mask_quality
6bba_ab78413d,6bba_ab78413d:922,union|6bba_ab78413d:922|5,1,logistic_mask_quality
6bba_b204cac7,6bba_b204cac7:607,union|6bba_b204cac7:607|3,1,logistic_mask_quality
6bba_b204cac7,6bba_b204cac7:774,union|6bba_b204cac7:774|3,0,logistic_mask_quality
6bba_bb9f20c3,6bba_bb9f20c3:1633,union|6bba_bb9f20c3:1633|37,1,logistic_mask_quality
6bba_bb9f20c3,6bba_bb9f20c3:556,union|6bba_bb9f20c3:556|7,1,logistic_mask_quality
6bba_d1acb6ff,6bba_d1acb6ff:414,union|6bba_d1acb6ff:414|0,1,logistic_mask_quality
6bba_debd7bfa,6bba_debd7bfa:72,union|6bba_debd7bfa:72|7,1,logistic_mask_quality
6bba_debd7bfa,6bba_debd7bfa:321,union|6bba_debd7bfa:321|1,1,logistic_mask_quality
6bba_ebdf3b34,6bba_ebdf3b34:709,union|6bba_ebdf3b34:709|10,1,logistic_mask_quality
6bba_ebdf3b34,6bba_ebdf3b34:166,union|6bba_ebdf3b34:166|33,0,logistic_mask_quality
6bba_f20478e9,6bba_f20478e9:220,union|6bba_f20478e9:220|5,1,logistic_mask_quality
6bba_fe670320,6bba_fe670320:4,union|6bba_fe670320:4|2,0,logistic_mask_quality
6bba_fe670320,6bba_fe670320:519,union|6bba_fe670320:519|3,1,logistic_mask_quality
44b6_2a2eff9f,44b6_2a2eff9f:13,union|44b6_2a2eff9f:13|21,0,logistic_mask_source
44b6_341df25f,44b6_341df25f:12,union|44b6_341df25f:12|6,1,logistic_mask_source
44b6_587a1e22,44b6_587a1e22:24,union|44b6_587a1e22:24|8,0,logistic_mask_source
44b6_5f15d135,44b6_5f15d135:103,union|44b6_5f15d135:103|23,0,logistic_mask_source
44b6_706092f0,44b6_706092f0:50,union|44b6_706092f0:50|20,1,logistic_mask_source
44b6_74d0c52e,44b6_74d0c52e:59,union|44b6_74d0c52e:59|29,0,logistic_mask_source
44b6_7a302da0,44b6_7a302da0:474,union|44b6_7a302da0:474|64,0,logistic_mask_source
44b6_996155de,44b6_996155de:60,union|44b6_996155de:60|0,1,logistic_mask_source
44b6_9be80b04,44b6_9be80b04:155,union|44b6_9be80b04:155|66,1,logistic_mask_source
44b6_a21120c2,44b6_a21120c2:174,union|44b6_a21120c2:174|27,1,logistic_mask_source
44b6_a21120c2,44b6_a21120c2:210,union|44b6_a21120c2:210|42,1,logistic_mask_source
44b6_aaf8b0ea,44b6_aaf8b0ea:93,union|44b6_aaf8b0ea:93|0,1,logistic_mask_source
44b6_c50204e0,44b6_c50204e0:184,union|44b6_c50204e0:184|122,1,logistic_mask_source
44b6_c50204e0,44b6_c50204e0:43,union|44b6_c50204e0:43|106,0,logistic_mask_source
44b6_c8e2a523,44b6_c8e2a523:153,union|44b6_c8e2a523:153|38,1,logistic_mask_source
44b6_d2f34f90,44b6_d2f34f90:103,union|44b6_d2f34f90:103|12,1,logistic_mask_source
44b6_d2f34f90,44b6_d2f34f90:137,union|44b6_d2f34f90:137|28,1,logistic_mask_source
44b6_d5e7d891,44b6_d5e7d891:455,union|44b6_d5e7d891:455|94,1,logistic_mask_source
44b6_d5e7d891,44b6_d5e7d891:87,union|44b6_d5e7d891:87|97,1,logistic_mask_source
44b6_d754aa59,44b6_d754aa59:54,union|44b6_d754aa59:54|3,1,logistic_mask_source
44b6_deabac95,44b6_deabac95:15,union|44b6_deabac95:15|23,0,logistic_mask_source
44b6_e28840c6,44b6_e28840c6:48,union|44b6_e28840c6:48|71,1,logistic_mask_source
44b6_e28840c6,44b6_e28840c6:160,union|44b6_e28840c6:160|85,1,logistic_mask_source
44b6_eb2880fc,44b6_eb2880fc:282,union|44b6_eb2880fc:282|91,0,logistic_mask_source
6bba_05db0fb1,6bba_05db0fb1:751,union|6bba_05db0fb1:751|78,0,logistic_mask_source
6bba_05db0fb1,6bba_05db0fb1:229,union|6bba_05db0fb1:229|87,1,logistic_mask_source
6bba_085bf656,6bba_085bf656:181,union|6bba_085bf656:181|4,1,logistic_mask_source
6bba_09961292,6bba_09961292:1166,union|6bba_09961292:1166|50,1,logistic_mask_source
6bba_09961292,6bba_09961292:654,union|6bba_09961292:654|13,0,logistic_mask_source
6bba_0e7c0d07,6bba_0e7c0d07:142,union|6bba_0e7c0d07:142|25,0,logistic_mask_source
6bba_12665c0e,6bba_12665c0e:261,union|6bba_12665c0e:261|2,1,logistic_mask_source
6bba_12665c0e,6bba_12665c0e:988,union|6bba_12665c0e:988|1,1,logistic_mask_source
6bba_1d0d8384,6bba_1d0d8384:334,union|6bba_1d0d8384:334|60,0,logistic_mask_source
6bba_207c6aaf,6bba_207c6aaf:146,union|6bba_207c6aaf:146|25,0,logistic_mask_source
6bba_20852818,6bba_20852818:335,union|6bba_20852818:335|21,1,logistic_mask_source
6bba_20852818,6bba_20852818:766,union|6bba_20852818:766|5,0,logistic_mask_source
6bba_2312ac41,6bba_2312ac41:281,union|6bba_2312ac41:281|8,1,logistic_mask_source
6bba_2312ac41,6bba_2312ac41:157,union|6bba_2312ac41:157|9,1,logistic_mask_source
6bba_32db13fc,6bba_32db13fc:115,union|6bba_32db13fc:115|18,0,logistic_mask_source
6bba_3c5691b6,6bba_3c5691b6:84,union|6bba_3c5691b6:84|5,1,logistic_mask_source
6bba_3c5691b6,6bba_3c5691b6:22,union|6bba_3c5691b6:22|2,1,logistic_mask_source
6bba_3fda6b25,6bba_3fda6b25:264,union|6bba_3fda6b25:264|3,1,logistic_mask_source
6bba_4f99ce20,6bba_4f99ce20:947,union|6bba_4f99ce20:947|4,1,logistic_mask_source
6bba_4f99ce20,6bba_4f99ce20:269,union|6bba_4f99ce20:269|6,1,logistic_mask_source
6bba_57b7cc1e,6bba_57b7cc1e:1276,union|6bba_57b7cc1e:1276|20,1,logistic_mask_source
6bba_57b7cc1e,6bba_57b7cc1e:213,union|6bba_57b7cc1e:213|28,0,logistic_mask_source
6bba_61ecbe65,6bba_61ecbe65:200,union|6bba_61ecbe65:200|2,1,logistic_mask_source
6bba_67ebd073,6bba_67ebd073:364,union|6bba_67ebd073:364|1,1,logistic_mask_source
6bba_74686d6a,6bba_74686d6a:109,union|6bba_74686d6a:109|32,0,logistic_mask_source
6bba_74686d6a,6bba_74686d6a:25,union|6bba_74686d6a:25|7,1,logistic_mask_source
6bba_78a7bd97,6bba_78a7bd97:338,union|6bba_78a7bd97:338|56,1,logistic_mask_source
6bba_78a7bd97,6bba_78a7bd97:278,union|6bba_78a7bd97:278|38,1,logistic_mask_source
6bba_7f87b3d8,6bba_7f87b3d8:183,union|6bba_7f87b3d8:183|16,0,logistic_mask_source
6bba_87289e13,6bba_87289e13:563,union|6bba_87289e13:563|0,1,logistic_mask_source
6bba_969618f6,6bba_969618f6:301,union|6bba_969618f6:301|21,1,logistic_mask_source
6bba_969618f6,6bba_969618f6:529,union|6bba_969618f6:529|65,0,logistic_mask_source
6bba_ab78413d,6bba_ab78413d:813,union|6bba_ab78413d:813|43,1,logistic_mask_source
6bba_ab78413d,6bba_ab78413d:922,union|6bba_ab78413d:922|5,1,logistic_mask_source
6bba_b204cac7,6bba_b204cac7:607,union|6bba_b204cac7:607|3,1,logistic_mask_source
6bba_b204cac7,6bba_b204cac7:774,union|6bba_b204cac7:774|3,0,logistic_mask_source
6bba_bb9f20c3,6bba_bb9f20c3:1633,union|6bba_bb9f20c3:1633|37,1,logistic_mask_source
6bba_bb9f20c3,6bba_bb9f20c3:556,union|6bba_bb9f20c3:556|7,1,logistic_mask_source
6bba_d1acb6ff,6bba_d1acb6ff:414,union|6bba_d1acb6ff:414|0,1,logistic_mask_source
6bba_debd7bfa,6bba_debd7bfa:72,union|6bba_debd7bfa:72|7,1,logistic_mask_source
6bba_debd7bfa,6bba_debd7bfa:321,union|6bba_debd7bfa:321|1,1,logistic_mask_source
6bba_ebdf3b34,6bba_ebdf3b34:709,union|6bba_ebdf3b34:709|10,1,logistic_mask_source
6bba_ebdf3b34,6bba_ebdf3b34:166,union|6bba_ebdf3b34:166|33,0,logistic_mask_source
6bba_f20478e9,6bba_f20478e9:220,union|6bba_f20478e9:220|5,1,logistic_mask_source
6bba_fe670320,6bba_fe670320:4,union|6bba_fe670320:4|2,0,logistic_mask_source
6bba_fe670320,6bba_fe670320:519,union|6bba_fe670320:519|3,1,logistic_mask_source
44b6_2a2eff9f,44b6_2a2eff9f:13,union|44b6_2a2eff9f:13|21,0,logistic_rich_all
44b6_341df25f,44b6_341df25f:12,union|44b6_341df25f:12|6,1,logistic_rich_all
44b6_587a1e22,44b6_587a1e22:24,union|44b6_587a1e22:24|8,0,logistic_rich_all
44b6_5f15d135,44b6_5f15d135:103,union|44b6_5f15d135:103|20,1,logistic_rich_all
44b6_706092f0,44b6_706092f0:50,union|44b6_706092f0:50|20,1,logistic_rich_all
44b6_74d0c52e,44b6_74d0c52e:59,union|44b6_74d0c52e:59|29,0,logistic_rich_all
44b6_7a302da0,44b6_7a302da0:474,union|44b6_7a302da0:474|64,0,logistic_rich_all
44b6_996155de,44b6_996155de:60,union|44b6_996155de:60|0,1,logistic_rich_all
44b6_9be80b04,44b6_9be80b04:155,union|44b6_9be80b04:155|66,1,logistic_rich_all
44b6_a21120c2,44b6_a21120c2:174,union|44b6_a21120c2:174|27,1,logistic_rich_all
44b6_a21120c2,44b6_a21120c2:210,union|44b6_a21120c2:210|42,1,logistic_rich_all
44b6_aaf8b0ea,44b6_aaf8b0ea:93,union|44b6_aaf8b0ea:93|0,1,logistic_rich_all
44b6_c50204e0,44b6_c50204e0:184,union|44b6_c50204e0:184|122,1,logistic_rich_all
44b6_c50204e0,44b6_c50204e0:43,union|44b6_c50204e0:43|106,0,logistic_rich_all
44b6_c8e2a523,44b6_c8e2a523:153,union|44b6_c8e2a523:153|22,0,logistic_rich_all
44b6_d2f34f90,44b6_d2f34f90:103,union|44b6_d2f34f90:103|12,1,logistic_rich_all
44b6_d2f34f90,44b6_d2f34f90:137,union|44b6_d2f34f90:137|28,1,logistic_rich_all
44b6_d5e7d891,44b6_d5e7d891:455,union|44b6_d5e7d891:455|94,1,logistic_rich_all
44b6_d5e7d891,44b6_d5e7d891:87,union|44b6_d5e7d891:87|97,1,logistic_rich_all
44b6_d754aa59,44b6_d754aa59:54,union|44b6_d754aa59:54|3,1,logistic_rich_all
44b6_deabac95,44b6_deabac95:15,union|44b6_deabac95:15|23,0,logistic_rich_all
44b6_e28840c6,44b6_e28840c6:48,union|44b6_e28840c6:48|71,1,logistic_rich_all
44b6_e28840c6,44b6_e28840c6:160,union|44b6_e28840c6:160|85,1,logistic_rich_all
44b6_eb2880fc,44b6_eb2880fc:282,union|44b6_eb2880fc:282|91,0,logistic_rich_all
6bba_05db0fb1,6bba_05db0fb1:751,union|6bba_05db0fb1:751|78,0,logistic_rich_all
6bba_05db0fb1,6bba_05db0fb1:229,union|6bba_05db0fb1:229|87,1,logistic_rich_all
6bba_085bf656,6bba_085bf656:181,union|6bba_085bf656:181|4,1,logistic_rich_all
6bba_09961292,6bba_09961292:1166,union|6bba_09961292:1166|50,1,logistic_rich_all
6bba_09961292,6bba_09961292:654,union|6bba_09961292:654|11,0,logistic_rich_all
6bba_0e7c0d07,6bba_0e7c0d07:142,union|6bba_0e7c0d07:142|25,0,logistic_rich_all
6bba_12665c0e,6bba_12665c0e:261,union|6bba_12665c0e:261|2,1,logistic_rich_all
6bba_12665c0e,6bba_12665c0e:988,union|6bba_12665c0e:988|1,1,logistic_rich_all
6bba_1d0d8384,6bba_1d0d8384:334,union|6bba_1d0d8384:334|60,0,logistic_rich_all
6bba_207c6aaf,6bba_207c6aaf:146,union|6bba_207c6aaf:146|25,0,logistic_rich_all
6bba_20852818,6bba_20852818:335,union|6bba_20852818:335|21,1,logistic_rich_all
6bba_20852818,6bba_20852818:766,union|6bba_20852818:766|5,0,logistic_rich_all
6bba_2312ac41,6bba_2312ac41:281,union|6bba_2312ac41:281|8,1,logistic_rich_all
6bba_2312ac41,6bba_2312ac41:157,union|6bba_2312ac41:157|9,1,logistic_rich_all
6bba_32db13fc,6bba_32db13fc:115,union|6bba_32db13fc:115|18,0,logistic_rich_all
6bba_3c5691b6,6bba_3c5691b6:84,union|6bba_3c5691b6:84|5,1,logistic_rich_all
6bba_3c5691b6,6bba_3c5691b6:22,union|6bba_3c5691b6:22|2,1,logistic_rich_all
6bba_3fda6b25,6bba_3fda6b25:264,union|6bba_3fda6b25:264|3,1,logistic_rich_all
6bba_4f99ce20,6bba_4f99ce20:947,union|6bba_4f99ce20:947|4,1,logistic_rich_all
6bba_4f99ce20,6bba_4f99ce20:269,union|6bba_4f99ce20:269|6,1,logistic_rich_all
6bba_57b7cc1e,6bba_57b7cc1e:1276,union|6bba_57b7cc1e:1276|20,1,logistic_rich_all
6bba_57b7cc1e,6bba_57b7cc1e:213,union|6bba_57b7cc1e:213|36,0,logistic_rich_all
6bba_61ecbe65,6bba_61ecbe65:200,union|6bba_61ecbe65:200|2,1,logistic_rich_all
6bba_67ebd073,6bba_67ebd073:364,union|6bba_67ebd073:364|1,1,logistic_rich_all
6bba_74686d6a,6bba_74686d6a:109,union|6bba_74686d6a:109|32,0,logistic_rich_all
6bba_74686d6a,6bba_74686d6a:25,union|6bba_74686d6a:25|7,1,logistic_rich_all
6bba_78a7bd97,6bba_78a7bd97:338,union|6bba_78a7bd97:338|56,1,logistic_rich_all
6bba_78a7bd97,6bba_78a7bd97:278,union|6bba_78a7bd97:278|38,1,logistic_rich_all
6bba_7f87b3d8,6bba_7f87b3d8:183,union|6bba_7f87b3d8:183|16,0,logistic_rich_all
6bba_87289e13,6bba_87289e13:563,union|6bba_87289e13:563|0,1,logistic_rich_all
6bba_969618f6,6bba_969618f6:301,union|6bba_969618f6:301|21,1,logistic_rich_all
6bba_969618f6,6bba_969618f6:529,union|6bba_969618f6:529|65,0,logistic_rich_all
6bba_ab78413d,6bba_ab78413d:813,union|6bba_ab78413d:813|43,1,logistic_rich_all
6bba_ab78413d,6bba_ab78413d:922,union|6bba_ab78413d:922|5,1,logistic_rich_all
6bba_b204cac7,6bba_b204cac7:607,union|6bba_b204cac7:607|3,1,logistic_rich_all
6bba_b204cac7,6bba_b204cac7:774,union|6bba_b204cac7:774|3,0,logistic_rich_all
6bba_bb9f20c3,6bba_bb9f20c3:1633,union|6bba_bb9f20c3:1633|37,1,logistic_rich_all
6bba_bb9f20c3,6bba_bb9f20c3:556,union|6bba_bb9f20c3:556|7,1,logistic_rich_all
6bba_d1acb6ff,6bba_d1acb6ff:414,union|6bba_d1acb6ff:414|0,1,logistic_rich_all
6bba_debd7bfa,6bba_debd7bfa:72,union|6bba_debd7bfa:72|7,1,logistic_rich_all
6bba_debd7bfa,6bba_debd7bfa:321,union|6bba_debd7bfa:321|1,1,logistic_rich_all
6bba_ebdf3b34,6bba_ebdf3b34:709,union|6bba_ebdf3b34:709|10,1,logistic_rich_all
6bba_ebdf3b34,6bba_ebdf3b34:166,union|6bba_ebdf3b34:166|33,0,logistic_rich_all
6bba_f20478e9,6bba_f20478e9:220,union|6bba_f20478e9:220|5,1,logistic_rich_all
6bba_fe670320,6bba_fe670320:4,union|6bba_fe670320:4|2,0,logistic_rich_all
6bba_fe670320,6bba_fe670320:519,union|6bba_fe670320:519|3,1,logistic_rich_all
44b6_2a2eff9f,44b6_2a2eff9f:13,union|44b6_2a2eff9f:13|21,0,logistic_mask_geometry_permuted
44b6_341df25f,44b6_341df25f:12,union|44b6_341df25f:12|6,1,logistic_mask_geometry_permuted
44b6_587a1e22,44b6_587a1e22:24,union|44b6_587a1e22:24|8,0,logistic_mask_geometry_permuted
44b6_5f15d135,44b6_5f15d135:103,union|44b6_5f15d135:103|23,0,logistic_mask_geometry_permuted
44b6_706092f0,44b6_706092f0:50,union|44b6_706092f0:50|20,1,logistic_mask_geometry_permuted
44b6_74d0c52e,44b6_74d0c52e:59,union|44b6_74d0c52e:59|29,0,logistic_mask_geometry_permuted
44b6_7a302da0,44b6_7a302da0:474,union|44b6_7a302da0:474|64,0,logistic_mask_geometry_permuted
44b6_996155de,44b6_996155de:60,union|44b6_996155de:60|0,1,logistic_mask_geometry_permuted
44b6_9be80b04,44b6_9be80b04:155,union|44b6_9be80b04:155|66,1,logistic_mask_geometry_permuted
44b6_a21120c2,44b6_a21120c2:174,union|44b6_a21120c2:174|27,1,logistic_mask_geometry_permuted
44b6_a21120c2,44b6_a21120c2:210,union|44b6_a21120c2:210|42,1,logistic_mask_geometry_permuted
44b6_aaf8b0ea,44b6_aaf8b0ea:93,union|44b6_aaf8b0ea:93|0,1,logistic_mask_geometry_permuted
44b6_c50204e0,44b6_c50204e0:184,union|44b6_c50204e0:184|122,1,logistic_mask_geometry_permuted
44b6_c50204e0,44b6_c50204e0:43,union|44b6_c50204e0:43|106,0,logistic_mask_geometry_permuted
44b6_c8e2a523,44b6_c8e2a523:153,union|44b6_c8e2a523:153|38,1,logistic_mask_geometry_permuted
44b6_d2f34f90,44b6_d2f34f90:137,union|44b6_d2f34f90:137|28,1,logistic_mask_geometry_permuted
44b6_d2f34f90,44b6_d2f34f90:103,union|44b6_d2f34f90:103|12,1,logistic_mask_geometry_permuted
44b6_d5e7d891,44b6_d5e7d891:455,union|44b6_d5e7d891:455|94,1,logistic_mask_geometry_permuted
44b6_d5e7d891,44b6_d5e7d891:87,union|44b6_d5e7d891:87|97,1,logistic_mask_geometry_permuted
44b6_d754aa59,44b6_d754aa59:54,union|44b6_d754aa59:54|3,1,logistic_mask_geometry_permuted
44b6_deabac95,44b6_deabac95:15,union|44b6_deabac95:15|29,1,logistic_mask_geometry_permuted
44b6_e28840c6,44b6_e28840c6:48,union|44b6_e28840c6:48|71,1,logistic_mask_geometry_permuted
44b6_e28840c6,44b6_e28840c6:160,union|44b6_e28840c6:160|61,0,logistic_mask_geometry_permuted
44b6_eb2880fc,44b6_eb2880fc:282,union|44b6_eb2880fc:282|91,0,logistic_mask_geometry_permuted
6bba_05db0fb1,6bba_05db0fb1:751,union|6bba_05db0fb1:751|78,0,logistic_mask_geometry_permuted
6bba_05db0fb1,6bba_05db0fb1:229,union|6bba_05db0fb1:229|136,0,logistic_mask_geometry_permuted
6bba_085bf656,6bba_085bf656:181,union|6bba_085bf656:181|4,1,logistic_mask_geometry_permuted
6bba_09961292,6bba_09961292:654,union|6bba_09961292:654|11,0,logistic_mask_geometry_permuted
6bba_09961292,6bba_09961292:1166,union|6bba_09961292:1166|121,0,logistic_mask_geometry_permuted
6bba_0e7c0d07,6bba_0e7c0d07:142,union|6bba_0e7c0d07:142|113,0,logistic_mask_geometry_permuted
6bba_12665c0e,6bba_12665c0e:261,union|6bba_12665c0e:261|2,1,logistic_mask_geometry_permuted
6bba_12665c0e,6bba_12665c0e:988,union|6bba_12665c0e:988|1,1,logistic_mask_geometry_permuted
6bba_1d0d8384,6bba_1d0d8384:334,union|6bba_1d0d8384:334|60,0,logistic_mask_geometry_permuted
6bba_207c6aaf,6bba_207c6aaf:146,union|6bba_207c6aaf:146|25,0,logistic_mask_geometry_permuted
6bba_20852818,6bba_20852818:335,union|6bba_20852818:335|21,1,logistic_mask_geometry_permuted
6bba_20852818,6bba_20852818:766,union|6bba_20852818:766|5,0,logistic_mask_geometry_permuted
6bba_2312ac41,6bba_2312ac41:281,union|6bba_2312ac41:281|8,1,logistic_mask_geometry_permuted
6bba_2312ac41,6bba_2312ac41:157,union|6bba_2312ac41:157|9,1,logistic_mask_geometry_permuted
6bba_32db13fc,6bba_32db13fc:115,union|6bba_32db13fc:115|18,0,logistic_mask_geometry_permuted
6bba_3c5691b6,6bba_3c5691b6:84,union|6bba_3c5691b6:84|4,0,logistic_mask_geometry_permuted
6bba_3c5691b6,6bba_3c5691b6:22,union|6bba_3c5691b6:22|2,1,logistic_mask_geometry_permuted
6bba_3fda6b25,6bba_3fda6b25:264,union|6bba_3fda6b25:264|3,1,logistic_mask_geometry_permuted
6bba_4f99ce20,6bba_4f99ce20:947,union|6bba_4f99ce20:947|4,1,logistic_mask_geometry_permuted
6bba_4f99ce20,6bba_4f99ce20:269,union|6bba_4f99ce20:269|6,1,logistic_mask_geometry_permuted
6bba_57b7cc1e,6bba_57b7cc1e:213,union|6bba_57b7cc1e:213|27,0,logistic_mask_geometry_permuted
6bba_57b7cc1e,6bba_57b7cc1e:1276,union|6bba_57b7cc1e:1276|20,1,logistic_mask_geometry_permuted
6bba_61ecbe65,6bba_61ecbe65:200,union|6bba_61ecbe65:200|2,1,logistic_mask_geometry_permuted
6bba_67ebd073,6bba_67ebd073:364,union|6bba_67ebd073:364|1,1,logistic_mask_geometry_permuted
6bba_74686d6a,6bba_74686d6a:109,union|6bba_74686d6a:109|32,0,logistic_mask_geometry_permuted
6bba_74686d6a,6bba_74686d6a:25,union|6bba_74686d6a:25|7,1,logistic_mask_geometry_permuted
6bba_78a7bd97,6bba_78a7bd97:338,union|6bba_78a7bd97:338|56,1,logistic_mask_geometry_permuted
6bba_78a7bd97,6bba_78a7bd97:278,union|6bba_78a7bd97:278|38,1,logistic_mask_geometry_permuted
6bba_7f87b3d8,6bba_7f87b3d8:183,union|6bba_7f87b3d8:183|11,0,logistic_mask_geometry_permuted
6bba_87289e13,6bba_87289e13:563,union|6bba_87289e13:563|0,1,logistic_mask_geometry_permuted
6bba_969618f6,6bba_969618f6:301,union|6bba_969618f6:301|21,1,logistic_mask_geometry_permuted
6bba_969618f6,6bba_969618f6:529,union|6bba_969618f6:529|50,0,logistic_mask_geometry_permuted
6bba_ab78413d,6bba_ab78413d:813,union|6bba_ab78413d:813|43,1,logistic_mask_geometry_permuted
6bba_ab78413d,6bba_ab78413d:922,union|6bba_ab78413d:922|5,1,logistic_mask_geometry_permuted
6bba_b204cac7,6bba_b204cac7:607,union|6bba_b204cac7:607|3,1,logistic_mask_geometry_permuted
6bba_b204cac7,6bba_b204cac7:774,union|6bba_b204cac7:774|1,0,logistic_mask_geometry_permuted
6bba_bb9f20c3,6bba_bb9f20c3:556,union|6bba_bb9f20c3:556|7,1,logistic_mask_geometry_permuted
6bba_bb9f20c3,6bba_bb9f20c3:1633,union|6bba_bb9f20c3:1633|37,1,logistic_mask_geometry_permuted
6bba_d1acb6ff,6bba_d1acb6ff:414,union|6bba_d1acb6ff:414|0,1,logistic_mask_geometry_permuted
6bba_debd7bfa,6bba_debd7bfa:72,union|6bba_debd7bfa:72|7,1,logistic_mask_geometry_permuted
6bba_debd7bfa,6bba_debd7bfa:321,union|6bba_debd7bfa:321|1,1,logistic_mask_geometry_permuted
6bba_ebdf3b34,6bba_ebdf3b34:709,union|6bba_ebdf3b34:709|10,1,logistic_mask_geometry_permuted
6bba_ebdf3b34,6bba_ebdf3b34:166,union|6bba_ebdf3b34:166|33,0,logistic_mask_geometry_permuted
6bba_f20478e9,6bba_f20478e9:220,union|6bba_f20478e9:220|5,1,logistic_mask_geometry_permuted
6bba_fe670320,6bba_fe670320:4,union|6bba_fe670320:4|2,0,logistic_mask_geometry_permuted
6bba_fe670320,6bba_fe670320:519,union|6bba_fe670320:519|3,1,logistic_mask_geometry_permuted
