video,stage,nodes,edges,forks,tp,fp_official,fn
44b6_12dfb391,raw_ilp,43403,40648,0,0,0,1
44b6_12dfb391,edge_filter,43403,40647,0,0,0,1
44b6_12dfb391,motion_relink,43403,41067,0,0,0,1
44b6_12dfb391,single_parent,43403,41067,0,0,0,1
44b6_12dfb391,single_child,43403,41067,0,0,0,1
44b6_12dfb391,gap_close,43910,42081,0,0,0,1
44b6_12dfb391,gap2,44066,42315,0,0,0,1
44b6_12dfb391,safe_div_geometry,44066,42315,0,0,0,1
44b6_12dfb391,safe_div_post_veto,44066,42315,0,0,0,1
44b6_12dfb391,safe_div_selected,44066,42333,18,0,0,1
44b6_12dfb391,division_geometry_filter,44066,42333,18,0,0,1
44b6_12dfb391,prune_isolated,44062,42333,18,0,0,1
44b6_12dfb391,short_track,42802,41364,18,0,0,1
44b6_12dfb391,final,42802,41364,18,0,0,1
44b6_267148e4,raw_ilp,21666,20198,0,0,0,1
44b6_267148e4,edge_filter,21666,20197,0,0,0,1
44b6_267148e4,motion_relink,21666,20283,0,0,0,1
44b6_267148e4,single_parent,21666,20283,0,0,0,1
44b6_267148e4,single_child,21666,20283,0,0,0,1
44b6_267148e4,gap_close,21842,20635,0,0,0,1
44b6_267148e4,gap2,21938,20779,0,0,0,1
44b6_267148e4,safe_div_geometry,21938,20779,0,0,0,1
44b6_267148e4,safe_div_post_veto,21938,20779,0,0,0,1
44b6_267148e4,safe_div_selected,21938,20801,22,0,0,1
44b6_267148e4,division_geometry_filter,21938,20801,22,0,0,1
44b6_267148e4,prune_isolated,21887,20801,22,0,0,1
44b6_267148e4,short_track,21052,20170,22,0,0,1
44b6_267148e4,final,21052,20170,22,0,0,1
6bba_062c8d37,raw_ilp,6005,5696,0,0,0,1
6bba_062c8d37,edge_filter,6005,5656,0,0,0,1
6bba_062c8d37,motion_relink,6005,5649,0,0,0,1
6bba_062c8d37,single_parent,6005,5649,0,0,0,1
6bba_062c8d37,single_child,6005,5649,0,0,0,1
6bba_062c8d37,gap_close,6042,5723,0,0,0,1
6bba_062c8d37,gap2,6054,5741,0,0,0,1
6bba_062c8d37,safe_div_geometry,6054,5741,0,0,0,1
6bba_062c8d37,safe_div_post_veto,6054,5741,0,0,0,1
6bba_062c8d37,safe_div_selected,6054,5746,5,1,0,0
6bba_062c8d37,division_geometry_filter,6054,5746,5,1,0,0
6bba_062c8d37,prune_isolated,6028,5746,5,1,0,0
6bba_062c8d37,short_track,5862,5627,5,1,0,0
6bba_062c8d37,final,5862,5627,5,1,0,0
6bba_07e24132,raw_ilp,25031,23204,0,0,0,2
6bba_07e24132,edge_filter,25031,23204,0,0,0,2
6bba_07e24132,motion_relink,25031,23529,0,0,0,2
6bba_07e24132,single_parent,25031,23529,0,0,0,2
6bba_07e24132,single_child,25031,23529,0,0,0,2
6bba_07e24132,gap_close,25250,23967,0,0,0,2
6bba_07e24132,gap2,25358,24129,0,0,0,2
6bba_07e24132,safe_div_geometry,25358,24129,0,0,0,2
6bba_07e24132,safe_div_post_veto,25358,24129,0,0,0,2
6bba_07e24132,safe_div_selected,25358,24135,6,0,0,2
6bba_07e24132,division_geometry_filter,25358,24135,6,0,0,2
6bba_07e24132,prune_isolated,25344,24135,6,0,0,2
6bba_07e24132,short_track,24290,23323,6,0,0,2
6bba_07e24132,final,24290,23323,6,0,0,2
