arm,video,transition_id,event_id,candidate_found,positive_rank
geometry,44b6_2a2eff9f,44b6_2a2eff9f:11,44b6_2a2eff9f:13,1,9979.5
geometry,44b6_587a1e22,44b6_587a1e22:19,44b6_587a1e22:24,1,897.0
geometry,44b6_5f15d135,44b6_5f15d135:36,44b6_5f15d135:103,1,1465.5
geometry,44b6_74d0c52e,44b6_74d0c52e:58,44b6_74d0c52e:59,1,1209.0
geometry,44b6_996155de,44b6_996155de:19,44b6_996155de:60,1,17.0
geometry,44b6_9be80b04,44b6_9be80b04:77,44b6_9be80b04:155,1,178.0
geometry,44b6_aaf8b0ea,44b6_aaf8b0ea:61,44b6_aaf8b0ea:93,1,882.5
geometry,44b6_c50204e0,44b6_c50204e0:28,44b6_c50204e0:43,1,1539.0
geometry,44b6_c50204e0,44b6_c50204e0:65,44b6_c50204e0:184,1,440.0
geometry,44b6_d2f34f90,44b6_d2f34f90:51,44b6_d2f34f90:103,1,154.0
geometry,44b6_d2f34f90,44b6_d2f34f90:62,44b6_d2f34f90:137,1,150.0
geometry,44b6_d754aa59,44b6_d754aa59:63,44b6_d754aa59:54,1,58.0
geometry,44b6_deabac95,44b6_deabac95:28,44b6_deabac95:15,1,922.5
geometry,44b6_eb2880fc,44b6_eb2880fc:72,44b6_eb2880fc:282,1,14793.0
geometry,6bba_05db0fb1,6bba_05db0fb1:24,6bba_05db0fb1:229,1,10611.0
geometry,6bba_05db0fb1,6bba_05db0fb1:62,6bba_05db0fb1:751,1,2294.5
geometry,6bba_207c6aaf,6bba_207c6aaf:41,6bba_207c6aaf:146,1,2869.0
geometry,6bba_32db13fc,6bba_32db13fc:5,6bba_32db13fc:115,1,3048.0
geometry,6bba_474be664,6bba_474be664:63,6bba_474be664:205,1,848.5
geometry,6bba_5c039895,6bba_5c039895:10,6bba_5c039895:121,1,22.0
geometry,6bba_5c039895,6bba_5c039895:58,6bba_5c039895:680,1,33.0
geometry,6bba_705ec2c9,6bba_705ec2c9:42,6bba_705ec2c9:250,1,124.0
geometry,6bba_7af54fde,6bba_7af54fde:52,6bba_7af54fde:556,1,563.0
geometry,6bba_7af54fde,6bba_7af54fde:55,6bba_7af54fde:590,1,223.0
geometry,6bba_907271db,6bba_907271db:96,6bba_907271db:902,1,22.0
geometry,6bba_afb141ff,6bba_afb141ff:28,6bba_afb141ff:115,1,176.0
geometry,6bba_afb141ff,6bba_afb141ff:48,6bba_afb141ff:304,1,110.0
geometry,6bba_d1acb6ff,6bba_d1acb6ff:67,6bba_d1acb6ff:414,1,50.0
geometry,6bba_e16ffc58,6bba_e16ffc58:26,6bba_e16ffc58:331,1,49.0
geometry,6bba_fe670320,6bba_fe670320:0,6bba_fe670320:4,1,6.0
geometry,6bba_fe670320,6bba_fe670320:66,6bba_fe670320:519,1,317.0
logistic_base,44b6_2a2eff9f,44b6_2a2eff9f:11,44b6_2a2eff9f:13,1,10607.5
logistic_base,44b6_587a1e22,44b6_587a1e22:19,44b6_587a1e22:24,1,203.0
logistic_base,44b6_5f15d135,44b6_5f15d135:36,44b6_5f15d135:103,1,905.5
logistic_base,44b6_74d0c52e,44b6_74d0c52e:58,44b6_74d0c52e:59,1,622.0
logistic_base,44b6_996155de,44b6_996155de:19,44b6_996155de:60,1,12.0
logistic_base,44b6_9be80b04,44b6_9be80b04:77,44b6_9be80b04:155,1,440.0
logistic_base,44b6_aaf8b0ea,44b6_aaf8b0ea:61,44b6_aaf8b0ea:93,1,1413.5
logistic_base,44b6_c50204e0,44b6_c50204e0:28,44b6_c50204e0:43,1,2979.0
logistic_base,44b6_c50204e0,44b6_c50204e0:65,44b6_c50204e0:184,1,1139.0
logistic_base,44b6_d2f34f90,44b6_d2f34f90:51,44b6_d2f34f90:103,1,507.0
logistic_base,44b6_d2f34f90,44b6_d2f34f90:62,44b6_d2f34f90:137,1,1373.0
logistic_base,44b6_d754aa59,44b6_d754aa59:63,44b6_d754aa59:54,1,1.0
logistic_base,44b6_deabac95,44b6_deabac95:28,44b6_deabac95:15,1,1255.5
logistic_base,44b6_eb2880fc,44b6_eb2880fc:72,44b6_eb2880fc:282,1,12257.0
logistic_base,6bba_05db0fb1,6bba_05db0fb1:24,6bba_05db0fb1:229,1,1213.0
logistic_base,6bba_05db0fb1,6bba_05db0fb1:62,6bba_05db0fb1:751,1,24310.5
logistic_base,6bba_207c6aaf,6bba_207c6aaf:41,6bba_207c6aaf:146,1,6180.0
logistic_base,6bba_32db13fc,6bba_32db13fc:5,6bba_32db13fc:115,1,38406.0
logistic_base,6bba_474be664,6bba_474be664:63,6bba_474be664:205,1,364.5
logistic_base,6bba_5c039895,6bba_5c039895:10,6bba_5c039895:121,1,19.0
logistic_base,6bba_5c039895,6bba_5c039895:58,6bba_5c039895:680,1,6.0
logistic_base,6bba_705ec2c9,6bba_705ec2c9:42,6bba_705ec2c9:250,1,36.0
logistic_base,6bba_7af54fde,6bba_7af54fde:52,6bba_7af54fde:556,1,257.0
logistic_base,6bba_7af54fde,6bba_7af54fde:55,6bba_7af54fde:590,1,837.0
logistic_base,6bba_907271db,6bba_907271db:96,6bba_907271db:902,1,2.0
logistic_base,6bba_afb141ff,6bba_afb141ff:28,6bba_afb141ff:115,1,83.0
logistic_base,6bba_afb141ff,6bba_afb141ff:48,6bba_afb141ff:304,1,157.0
logistic_base,6bba_d1acb6ff,6bba_d1acb6ff:67,6bba_d1acb6ff:414,1,374.0
logistic_base,6bba_e16ffc58,6bba_e16ffc58:26,6bba_e16ffc58:331,1,22.0
logistic_base,6bba_fe670320,6bba_fe670320:0,6bba_fe670320:4,1,1.0
logistic_base,6bba_fe670320,6bba_fe670320:66,6bba_fe670320:519,1,34.0
logistic_mask_geometry,44b6_2a2eff9f,44b6_2a2eff9f:11,44b6_2a2eff9f:13,1,11148.0
logistic_mask_geometry,44b6_587a1e22,44b6_587a1e22:19,44b6_587a1e22:24,1,981.0
logistic_mask_geometry,44b6_5f15d135,44b6_5f15d135:36,44b6_5f15d135:103,1,196.0
logistic_mask_geometry,44b6_74d0c52e,44b6_74d0c52e:58,44b6_74d0c52e:59,1,385.0
logistic_mask_geometry,44b6_996155de,44b6_996155de:19,44b6_996155de:60,1,1.0
logistic_mask_geometry,44b6_9be80b04,44b6_9be80b04:77,44b6_9be80b04:155,1,127.0
logistic_mask_geometry,44b6_aaf8b0ea,44b6_aaf8b0ea:61,44b6_aaf8b0ea:93,1,599.0
logistic_mask_geometry,44b6_c50204e0,44b6_c50204e0:28,44b6_c50204e0:43,1,15201.0
logistic_mask_geometry,44b6_c50204e0,44b6_c50204e0:65,44b6_c50204e0:184,1,8584.0
logistic_mask_geometry,44b6_d2f34f90,44b6_d2f34f90:51,44b6_d2f34f90:103,1,75.0
logistic_mask_geometry,44b6_d2f34f90,44b6_d2f34f90:62,44b6_d2f34f90:137,1,464.0
logistic_mask_geometry,44b6_d754aa59,44b6_d754aa59:63,44b6_d754aa59:54,1,1.0
logistic_mask_geometry,44b6_deabac95,44b6_deabac95:28,44b6_deabac95:15,1,1953.0
logistic_mask_geometry,44b6_eb2880fc,44b6_eb2880fc:72,44b6_eb2880fc:282,1,12204.0
logistic_mask_geometry,6bba_05db0fb1,6bba_05db0fb1:24,6bba_05db0fb1:229,1,7232.0
logistic_mask_geometry,6bba_05db0fb1,6bba_05db0fb1:62,6bba_05db0fb1:751,1,4877.0
logistic_mask_geometry,6bba_207c6aaf,6bba_207c6aaf:41,6bba_207c6aaf:146,1,7133.0
logistic_mask_geometry,6bba_32db13fc,6bba_32db13fc:5,6bba_32db13fc:115,1,28250.0
logistic_mask_geometry,6bba_474be664,6bba_474be664:63,6bba_474be664:205,1,383.0
logistic_mask_geometry,6bba_5c039895,6bba_5c039895:10,6bba_5c039895:121,1,6.0
logistic_mask_geometry,6bba_5c039895,6bba_5c039895:58,6bba_5c039895:680,1,5.0
logistic_mask_geometry,6bba_705ec2c9,6bba_705ec2c9:42,6bba_705ec2c9:250,1,79.0
logistic_mask_geometry,6bba_7af54fde,6bba_7af54fde:52,6bba_7af54fde:556,1,148.0
logistic_mask_geometry,6bba_7af54fde,6bba_7af54fde:55,6bba_7af54fde:590,1,506.0
logistic_mask_geometry,6bba_907271db,6bba_907271db:96,6bba_907271db:902,1,6.0
logistic_mask_geometry,6bba_afb141ff,6bba_afb141ff:28,6bba_afb141ff:115,1,113.0
logistic_mask_geometry,6bba_afb141ff,6bba_afb141ff:48,6bba_afb141ff:304,1,92.0
logistic_mask_geometry,6bba_d1acb6ff,6bba_d1acb6ff:67,6bba_d1acb6ff:414,1,29.0
logistic_mask_geometry,6bba_e16ffc58,6bba_e16ffc58:26,6bba_e16ffc58:331,1,11.0
logistic_mask_geometry,6bba_fe670320,6bba_fe670320:0,6bba_fe670320:4,1,1.0
logistic_mask_geometry,6bba_fe670320,6bba_fe670320:66,6bba_fe670320:519,1,468.0
