arm,threshold,selected_count,tp,fp,fn,precision,recall,division_jaccard_surrogate
geometry,-25.26714256136884,3944,9,3935,22,0.002281947261663286,0.2903225806451613,0.0022692889561270802
geometry,-21.929843830164728,3934,9,3925,22,0.002287747839349263,0.2903225806451613,0.002275025278058645
geometry,-20.682440264826354,3920,9,3911,22,0.002295918367346939,0.2903225806451613,0.00228310502283105
geometry,-19.649028597649956,3901,9,3892,22,0.0023071007433991286,0.2903225806451613,0.0022941626306398166
geometry,-18.902754333139978,3890,9,3881,22,0.002313624678663239,0.2903225806451613,0.0023006134969325155
geometry,-18.233490059350142,3878,9,3869,22,0.0023207839092315627,0.2903225806451613,0.002307692307692308
geometry,-17.662753499667087,3869,9,3860,22,0.0023261824760920135,0.2903225806451613,0.002313030069390902
geometry,-17.235727791422097,3858,9,3849,22,0.0023328149300155523,0.2903225806451613,0.0023195876288659794
geometry,-16.80691488286115,3847,9,3838,22,0.002339485313231089,0.2903225806451613,0.0023261824760920135
geometry,-16.383586377412293,3834,9,3825,22,0.002347417840375587,0.2903225806451613,0.00233402489626556
geometry,-16.22382466549275,3820,8,3812,23,0.0020942408376963353,0.25806451612903225,0.0020817069997397866
geometry,-15.98161933006851,3811,8,3803,23,0.0020991865652059826,0.25806451612903225,0.0020865936358894104
geometry,-15.79957839677503,3801,8,3793,23,0.002104709287029729,0.25806451612903225,0.0020920502092050207
geometry,-15.692336926504417,3787,8,3779,23,0.002112490097702667,0.25806451612903225,0.002099737532808399
geometry,-15.497715291427841,3774,8,3766,23,0.0021197668256491787,0.25806451612903225,0.0021069265209375824
geometry,-15.339256250680492,3766,8,3758,23,0.002124269782262347,0.25806451612903225,0.002111375032990235
geometry,-15.13907486464201,3759,8,3751,23,0.002128225591912743,0.25806451612903225,0.0021152829190904283
geometry,-15.023709695672185,3748,8,3740,23,0.0021344717182497333,0.25806451612903225,0.0021214531954388757
geometry,-14.87077640638359,3737,8,3729,23,0.0021407546160021407,0.25806451612903225,0.002127659574468085
geometry,-14.759489111734608,3727,8,3719,23,0.0021464985242822645,0.25806451612903225,0.0021333333333333334
geometry,-14.6378521294446,3712,8,3704,23,0.0021551724137931034,0.25806451612903225,0.00214190093708166
geometry,-14.473376295872399,3702,8,3694,23,0.0021609940572663426,0.25806451612903225,0.002147651006711409
geometry,-14.399529168967652,3694,8,3686,23,0.002165674066053059,0.25806451612903225,0.0021522733387140166
geometry,-14.313938749930417,3686,8,3678,23,0.002170374389582203,0.25806451612903225,0.0021569156106767324
geometry,-14.223613630848568,3678,8,3670,23,0.002175095160413268,0.25806451612903225,0.0021615779519048904
geometry,-14.149679023627096,3663,8,3655,23,0.002184002184002184,0.25806451612903225,0.002170374389582203
geometry,-14.061937337049331,3653,8,3645,23,0.0021899808376676703,0.25806451612903225,0.002176278563656148
geometry,-13.98907605333366,3644,8,3636,23,0.0021953896816684962,0.25806451612903225,0.00218161985274066
geometry,-13.899859737753136,3627,8,3619,23,0.0022056796250344637,0.25806451612903225,0.002191780821917808
geometry,-13.798883833975978,3619,8,3611,23,0.0022105554020447637,0.25806451612903225,0.002196595277320154
geometry,-13.740515506976207,3609,8,3601,23,0.0022166805209199226,0.25806451612903225,0.0022026431718061676
geometry,-13.647384371161964,3598,8,3590,23,0.0022234574763757642,0.25806451612903225,0.0022093344380005524
geometry,-13.567948709771098,3586,8,3578,23,0.002230897936419409,0.25806451612903225,0.0022166805209199226
geometry,-13.481926308175337,3569,8,3561,23,0.002241524236480807,0.25806451612903225,0.0022271714922048997
geometry,-13.418349961905719,3564,8,3556,23,0.002244668911335578,0.25806451612903225,0.002230275996654586
geometry,-13.350737339188424,3553,8,3545,23,0.002251618350689558,0.25806451612903225,0.0022371364653243847
geometry,-13.294543448918661,3535,8,3527,23,0.002263083451202263,0.25806451612903225,0.0022484541877459247
geometry,-13.22815126545558,3520,8,3512,23,0.0022727272727272726,0.25806451612903225,0.0022579734688117415
geometry,-13.148211138789053,3507,8,3499,23,0.0022811519817507843,0.25806451612903225,0.0022662889518413596
geometry,-13.122365402908088,3492,7,3485,24,0.002004581901489118,0.22580645161290322,0.0019908987485779293
geometry,-13.067244555867305,3477,7,3470,24,0.0020132297958009777,0.22580645161290322,0.001999428734647244
geometry,-13.01820039160422,3462,6,3456,25,0.0017331022530329288,0.1935483870967742,0.0017206767995411529
geometry,-12.931814823768438,3446,6,3440,25,0.0017411491584445734,0.1935483870967742,0.001728608470181504
geometry,-12.891916183331206,3431,6,3425,25,0.0017487612940833576,0.1935483870967742,0.001736111111111111
geometry,-12.819194092695062,3419,6,3413,25,0.0017548990933021352,0.1935483870967742,0.0017421602787456446
geometry,-12.753715531135317,3409,6,3403,25,0.0017600469345849222,0.1935483870967742,0.0017472335468841002
geometry,-12.67605187189583,3397,6,3391,25,0.001766264350897851,0.1935483870967742,0.0017533606078316774
geometry,-12.638156938182991,3378,6,3372,25,0.0017761989342806395,0.1935483870967742,0.001763150161622098
geometry,-12.586523353711396,3363,6,3357,25,0.001784121320249777,0.1935483870967742,0.0017709563164108619
geometry,-12.52657910055265,3349,6,3343,25,0.0017915795759928337,0.1935483870967742,0.0017783046828689982
geometry,-12.47423556374519,3338,6,3332,25,0.0017974835230677051,0.1935483870967742,0.001784121320249777
geometry,-12.428860064382413,3327,6,3321,25,0.0018034265103697023,0.1935483870967742,0.0017899761336515514
geometry,-12.384503275030728,3291,6,3285,25,0.0018231540565177757,0.1935483870967742,0.0018094089264173703
geometry,-12.348406709588275,3280,6,3274,25,0.001829268292682927,0.1935483870967742,0.001815431164901664
geometry,-12.295337548223207,3264,6,3258,25,0.001838235294117647,0.1935483870967742,0.0018242626938279112
geometry,-12.26782328973948,3251,6,3245,25,0.001845585973546601,0.1935483870967742,0.0018315018315018315
geometry,-12.221882117546958,3240,6,3234,25,0.001851851851851852,0.1935483870967742,0.0018376722817764165
geometry,-12.1875,3232,6,3226,25,0.0018564356435643563,0.1935483870967742,0.00184218606079214
geometry,-12.114142654615389,3218,6,3212,25,0.0018645121193287756,0.1935483870967742,0.0018501387604070306
geometry,-12.07400234333035,3202,6,3196,25,0.0018738288569643974,0.1935483870967742,0.0018593120545398203
geometry,-12.009249461739895,3195,6,3189,25,0.0018779342723004694,0.1935483870967742,0.0018633540372670807
geometry,-11.980087533943001,3175,6,3169,25,0.001889763779527559,0.1935483870967742,0.001875
geometry,-11.91987383433383,3161,6,3155,25,0.0018981335020563112,0.1935483870967742,0.0018832391713747645
geometry,-11.883660617291024,3148,6,3142,25,0.0019059720457433292,0.1935483870967742,0.0018909549322407816
geometry,-11.827512101215072,3138,6,3132,25,0.0019120458891013384,0.1935483870967742,0.0018969332911792601
geometry,-11.809847732687919,3123,6,3117,25,0.0019212295869356388,0.1935483870967742,0.0019059720457433292
geometry,-11.771804468901866,3110,6,3104,25,0.0019292604501607716,0.1935483870967742,0.0019138755980861245
geometry,-11.733052267872694,3095,6,3089,25,0.0019386106623586429,0.1935483870967742,0.0019230769230769232
geometry,-11.684831539475313,3074,6,3068,25,0.001951854261548471,0.1935483870967742,0.001936108422071636
geometry,-11.642667332671103,3063,6,3057,25,0.0019588638589618022,0.1935483870967742,0.0019430051813471502
geometry,-11.589638859097377,3051,6,3045,25,0.0019665683382497543,0.1935483870967742,0.0019505851755526658
geometry,-11.568720683821983,3028,6,3022,25,0.0019815059445178335,0.1935483870967742,0.001965280052407468
geometry,-11.506630837752326,3008,6,3002,25,0.0019946808510638296,0.1935483870967742,0.0019782393669634025
geometry,-11.469769924476914,2992,6,2986,25,0.002005347593582888,0.1935483870967742,0.0019887305270135896
geometry,-11.432888414569609,2978,6,2972,25,0.0020147750167897917,0.1935483870967742,0.001998001998001998
geometry,-11.410174281668453,2959,6,2953,25,0.002027712064886786,0.1935483870967742,0.0020107238605898124
geometry,-11.374586358474048,2947,6,2941,25,0.0020359687818120122,0.1935483870967742,0.002018842530282638
geometry,-11.333259306616918,2930,6,2924,25,0.0020477815699658703,0.1935483870967742,0.0020304568527918783
geometry,-11.306814823768438,2922,6,2916,25,0.002053388090349076,0.1935483870967742,0.0020359687818120122
geometry,-11.231925639931193,2907,6,2901,25,0.0020639834881320948,0.1935483870967742,0.0020463847203274215
geometry,-11.172864642320402,2892,6,2886,25,0.002074688796680498,0.1935483870967742,0.002056907781967775
geometry,-11.17002825645486,2892,6,2886,25,0.002074688796680498,0.1935483870967742,0.002056907781967775
geometry,-11.141901902398619,2855,6,2849,25,0.0021015761821366026,0.1935483870967742,0.0020833333333333333
geometry,-11.080295967740398,2841,6,2835,25,0.0021119324181626186,0.1935483870967742,0.00209351011863224
geometry,-11.054510411314492,2820,6,2814,25,0.002127659574468085,0.1935483870967742,0.00210896309314587
geometry,-11.02422931572293,2801,6,2795,25,0.0021420921099607284,0.1935483870967742,0.0021231422505307855
geometry,-10.990243273284474,2789,6,2783,25,0.002151308712800287,0.1935483870967742,0.0021321961620469083
geometry,-10.935591184380643,2774,6,2768,25,0.0021629416005767843,0.1935483870967742,0.0021436227224008574
geometry,-10.900831390311476,2760,6,2754,25,0.002173913043478261,0.1935483870967742,0.0021543985637342907
geometry,-10.881324882315475,2738,6,2732,25,0.002191380569758948,0.1935483870967742,0.002171552660152009
geometry,-10.842999996422837,2730,6,2724,25,0.002197802197802198,0.1935483870967742,0.002177858439201452
geometry,-10.80725021558668,2706,6,2700,25,0.0022172949002217295,0.1935483870967742,0.0021969974368363236
geometry,-10.764054762607307,2691,6,2685,25,0.002229654403567447,0.1935483870967742,0.0022091310751104565
geometry,-10.714366485158736,2680,6,2674,25,0.002238805970149254,0.1935483870967742,0.0022181146025878
geometry,-10.680467473651362,2669,6,2663,25,0.0022480329711502436,0.1935483870967742,0.0022271714922048997
geometry,-10.639975162824209,2651,6,2645,25,0.002263296869105998,0.1935483870967742,0.002242152466367713
geometry,-10.617633868720457,2634,6,2628,25,0.002277904328018223,0.1935483870967742,0.0022564874012786762
geometry,-10.563576842352893,2617,6,2611,25,0.0022927015666794038,0.1935483870967742,0.002271006813020439
geometry,-10.529330344376381,2600,6,2594,25,0.002307692307692308,0.1935483870967742,0.002285714285714286
geometry,-10.50012289930531,2581,6,2575,25,0.002324680356450988,0.1935483870967742,0.0023023791250959325
geometry,-10.444150424369031,2561,5,2556,26,0.001952362358453729,0.16129032258064516,0.001932740626207963
geometry,-10.423389393780319,2552,5,2547,26,0.001959247648902821,0.16129032258064516,0.001939487975174554
geometry,-10.357794418289917,2526,5,2521,26,0.001979414093428345,0.16129032258064516,0.001959247648902821
geometry,-10.340737824976769,2505,5,2500,26,0.001996007984031936,0.16129032258064516,0.0019755037534571317
geometry,-10.301553098711267,2489,5,2484,26,0.002008838891120932,0.16129032258064516,0.0019880715705765406
geometry,-10.244314437383187,2475,5,2470,26,0.00202020202020202,0.16129032258064516,0.001999200319872051
geometry,-10.232698697561093,2455,5,2450,26,0.002036659877800407,0.16129032258064516,0.002015316404675534
geometry,-10.196731338188808,2437,5,2432,26,0.002051702913418137,0.16129032258064516,0.0020300446609825416
geometry,-10.147192199913118,2422,5,2417,26,0.002064409578860446,0.16129032258064516,0.002042483660130719
geometry,-10.123307410007422,2394,4,2390,27,0.001670843776106934,0.12903225806451613,0.0016522098306484924
geometry,-10.076181229458257,2383,4,2379,27,0.001678556441460344,0.12903225806451613,0.0016597510373443983
geometry,-10.050069962443047,2373,4,2369,27,0.001685630004214075,0.12903225806451613,0.0016666666666666668
geometry,-10.035447106963577,2341,4,2337,27,0.0017086715079026058,0.12903225806451613,0.0016891891891891893
geometry,-9.98520524446372,2325,4,2321,27,0.0017204301075268817,0.12903225806451613,0.0017006802721088435
geometry,-9.944444905432832,2314,4,2310,27,0.001728608470181504,0.12903225806451613,0.0017086715079026058
geometry,-9.917915629584307,2299,4,2295,27,0.0017398869073510222,0.12903225806451613,0.0017196904557179708
geometry,-9.877595698421855,2282,4,2278,27,0.0017528483786152498,0.12903225806451613,0.0017323516673884798
geometry,-9.82380152788333,2271,4,2267,27,0.0017613386173491853,0.12903225806451613,0.0017406440382941688
geometry,-9.777968425417356,2253,3,2250,28,0.0013315579227696406,0.0967741935483871,0.00131521262604121
geometry,-9.740143268382525,2242,3,2239,28,0.0013380909901873326,0.0967741935483871,0.0013215859030837004
geometry,-9.703174151614206,2222,3,2219,28,0.0013501350135013501,0.0967741935483871,0.0013333333333333333
geometry,-9.62955705294319,2208,3,2205,28,0.001358695652173913,0.0967741935483871,0.0013416815742397137
geometry,-9.58957892037679,2184,3,2181,28,0.0013736263736263737,0.0967741935483871,0.00135623869801085
geometry,-9.54671226428255,2167,3,2164,28,0.0013844023996308261,0.0967741935483871,0.001366742596810934
geometry,-9.524451922930465,2138,2,2136,29,0.0009354536950420954,0.06451612903225806,0.0009229349330872173
geometry,-9.49263128606614,2128,2,2126,29,0.0009398496240601503,0.06451612903225806,0.0009272137227630969
geometry,-9.44015794072409,2099,2,2097,29,0.0009528346831824678,0.06451612903225806,0.0009398496240601503
geometry,-9.402183860575493,2082,2,2080,29,0.0009606147934678194,0.06451612903225806,0.0009474182851729038
geometry,-9.359044678791522,2062,2,2060,29,0.0009699321047526673,0.06451612903225806,0.0009564801530368245
geometry,-9.305548293149537,2041,2,2039,29,0.0009799118079372856,0.06451612903225806,0.000966183574879227
geometry,-9.269397240515506,2033,2,2031,29,0.000983767830791933,0.06451612903225806,0.0009699321047526673
geometry,-9.200645202234792,2018,2,2016,29,0.0009910802775024777,0.06451612903225806,0.0009770395701025891
geometry,-9.137307749251908,2002,2,2000,29,0.000999000999000999,0.06451612903225806,0.0009847365829640572
geometry,-9.120289880261481,1998,2,1996,29,0.001001001001001001,0.06451612903225806,0.000986679822397632
geometry,-9.112836863990076,1967,2,1965,29,0.0010167768174885613,0.06451612903225806,0.001002004008016032
geometry,-9.053148385610626,1949,2,1947,29,0.001026167265264238,0.06451612903225806,0.0010111223458038423
geometry,-9.011182119968542,1930,1,1929,30,0.0005181347150259067,0.03225806451612903,0.0005102040816326531
geometry,-8.978982696246502,1910,1,1909,30,0.0005235602094240838,0.03225806451612903,0.0005154639175257732
geometry,-8.90408514996426,1890,1,1889,30,0.0005291005291005291,0.03225806451612903,0.0005208333333333333
geometry,-8.856175691069412,1863,1,1862,30,0.0005367686527106817,0.03225806451612903,0.0005282620179609086
geometry,-8.790726395870074,1838,1,1837,30,0.000544069640914037,0.03225806451612903,0.0005353319057815846
geometry,-8.774950895671417,1814,1,1813,30,0.0005512679162072767,0.03225806451612903,0.0005422993492407809
geometry,-8.739200240812446,1787,1,1786,30,0.0005595970900951316,0.03225806451612903,0.000550357732526142
geometry,-8.688965080028849,1772,1,1771,30,0.000564334085778781,0.03225806451612903,0.0005549389567147614
geometry,-8.649543852394462,1752,0,1752,31,0.0,0.0,0.0
geometry,-8.59834275215162,1734,0,1734,31,0.0,0.0,0.0
geometry,-8.553293807694825,1707,0,1707,31,0.0,0.0,0.0
geometry,-8.488724518587965,1686,0,1686,31,0.0,0.0,0.0
geometry,-8.442504508313622,1655,0,1655,31,0.0,0.0,0.0
geometry,-8.416605391626797,1630,0,1630,31,0.0,0.0,0.0
geometry,-8.329305972022256,1599,0,1599,31,0.0,0.0,0.0
geometry,-8.296520822628983,1569,0,1569,31,0.0,0.0,0.0
geometry,-8.22502332081435,1546,0,1546,31,0.0,0.0,0.0
geometry,-8.164572476625233,1514,0,1514,31,0.0,0.0,0.0
geometry,-8.084272926491288,1493,0,1493,31,0.0,0.0,0.0
geometry,-8.068211609088108,1474,0,1474,31,0.0,0.0,0.0
geometry,-7.9597213791002,1443,0,1443,31,0.0,0.0,0.0
geometry,-7.91544432945046,1417,0,1417,31,0.0,0.0,0.0
geometry,-7.880848704035242,1392,0,1392,31,0.0,0.0,0.0
geometry,-7.821580403440689,1367,0,1367,31,0.0,0.0,0.0
geometry,-7.742186077587245,1340,0,1340,31,0.0,0.0,0.0
geometry,-7.708051796660424,1332,0,1332,31,0.0,0.0,0.0
geometry,-7.663339585771715,1283,0,1283,31,0.0,0.0,0.0
geometry,-7.5818678385197655,1254,0,1254,31,0.0,0.0,0.0
geometry,-7.522308314013696,1218,0,1218,31,0.0,0.0,0.0
geometry,-7.439196538916634,1190,0,1190,31,0.0,0.0,0.0
geometry,-7.358050041059289,1164,0,1164,31,0.0,0.0,0.0
geometry,-7.3125,1145,0,1145,31,0.0,0.0,0.0
geometry,-7.210466515842664,1108,0,1108,31,0.0,0.0,0.0
geometry,-7.097823425496598,1081,0,1081,31,0.0,0.0,0.0
geometry,-7.020517458776492,1057,0,1057,31,0.0,0.0,0.0
geometry,-6.943396726318806,1023,0,1023,31,0.0,0.0,0.0
geometry,-6.865210416011332,1000,0,1000,31,0.0,0.0,0.0
geometry,-6.747332144012302,956,0,956,31,0.0,0.0,0.0
geometry,-6.675178474186427,936,0,936,31,0.0,0.0,0.0
geometry,-6.55305054849722,892,0,892,31,0.0,0.0,0.0
geometry,-6.461983081853408,859,0,859,31,0.0,0.0,0.0
geometry,-6.345177691707795,826,0,826,31,0.0,0.0,0.0
geometry,-6.242128138429504,791,0,791,31,0.0,0.0,0.0
geometry,-6.157137321136163,755,0,755,31,0.0,0.0,0.0
geometry,-5.9768380240573125,722,0,722,31,0.0,0.0,0.0
geometry,-5.869337224128752,689,0,689,31,0.0,0.0,0.0
geometry,-5.79666616358357,654,0,654,31,0.0,0.0,0.0
geometry,-5.623820879448491,623,0,623,31,0.0,0.0,0.0
geometry,-5.463726429693299,581,0,581,31,0.0,0.0,0.0
geometry,-5.4003679111027605,550,0,550,31,0.0,0.0,0.0
geometry,-5.21872573208152,513,0,513,31,0.0,0.0,0.0
geometry,-5.066805231718579,484,0,484,31,0.0,0.0,0.0
geometry,-4.845544268875405,437,0,437,31,0.0,0.0,0.0
geometry,-4.653466369693165,399,0,399,31,0.0,0.0,0.0
geometry,-4.4843075737679285,359,0,359,31,0.0,0.0,0.0
geometry,-4.223564815314308,320,0,320,31,0.0,0.0,0.0
geometry,-3.9996725470323087,281,0,281,31,0.0,0.0,0.0
geometry,-3.719025272232891,241,0,241,31,0.0,0.0,0.0
geometry,-3.4112487109591183,201,0,201,31,0.0,0.0,0.0
geometry,-3.1976735224486075,161,0,161,31,0.0,0.0,0.0
geometry,-2.880719797978629,121,0,121,31,0.0,0.0,0.0
geometry,-2.513803167287017,81,0,81,31,0.0,0.0,0.0
geometry,-2.1053484771709754,41,0,41,31,0.0,0.0,0.0
geometry,-0.6526341072401167,1,0,1,31,0.0,0.0,0.0
geometry,-0.6526341072401166,0,0,0,31,0.0,0.0,0.0
logistic_base,0.012216339951552366,2928,6,2922,25,0.0020491803278688526,0.1935483870967742,0.002031832035218422
logistic_base,0.09896213729639837,2899,6,2893,25,0.002069679199724043,0.1935483870967742,0.002051983584131327
logistic_base,0.19603573201390165,2876,6,2870,25,0.002086230876216968,0.1935483870967742,0.002068252326783868
logistic_base,0.31353069051510946,2860,6,2854,25,0.002097902097902098,0.1935483870967742,0.0020797227036395147
logistic_base,0.3558558430261405,2851,6,2845,25,0.002104524728165556,0.1935483870967742,0.002086230876216968
logistic_base,0.3910388741679392,2839,6,2833,25,0.0021134202183867557,0.1935483870967742,0.002094972067039106
logistic_base,0.420572425471574,2826,6,2820,25,0.0021231422505307855,0.1935483870967742,0.002104524728165556
logistic_base,0.44458542194117556,2815,6,2809,25,0.0021314387211367673,0.1935483870967742,0.002112676056338028
logistic_base,0.4629814658574893,2805,6,2799,25,0.0021390374331550803,0.1935483870967742,0.0021201413427561835
logistic_base,0.48430738455594996,2799,6,2793,25,0.0021436227224008574,0.1935483870967742,0.002124645892351275
logistic_base,0.5006497116158315,2792,6,2786,25,0.002148997134670487,0.1935483870967742,0.002129925452609159
logistic_base,0.5177453538749919,2775,6,2769,25,0.002162162162162162,0.1935483870967742,0.002142857142857143
logistic_base,0.5305629814621325,2767,6,2761,25,0.0021684134441633538,0.1935483870967742,0.002148997134670487
logistic_base,0.542528026915876,2753,6,2747,25,0.002179440610243371,0.1935483870967742,0.0021598272138228943
logistic_base,0.5544954971915016,2744,6,2738,25,0.002186588921282799,0.1935483870967742,0.0021668472372697724
logistic_base,0.5688059928992204,2737,6,2731,25,0.0021921812203142127,0.1935483870967742,0.002172338884866039
logistic_base,0.5830313872371817,2730,6,2724,25,0.002197802197802198,0.1935483870967742,0.002177858439201452
logistic_base,0.5955625742384506,2717,6,2711,25,0.002208317997791682,0.1935483870967742,0.002188183807439825
logistic_base,0.6064187983878895,2711,6,2705,25,0.0022132054592401327,0.1935483870967742,0.0021929824561403508
logistic_base,0.6175199043673746,2700,6,2694,25,0.0022222222222222222,0.1935483870967742,0.0022018348623853213
logistic_base,0.6276154258343816,2693,6,2687,25,0.0022279985146676567,0.1935483870967742,0.002207505518763797
logistic_base,0.6381451069117854,2685,6,2679,25,0.0022346368715083797,0.1935483870967742,0.002214022140221402
logistic_base,0.6503778929648651,2668,6,2662,25,0.0022488755622188904,0.1935483870967742,0.0022279985146676567
logistic_base,0.6603333365472696,2660,6,2654,25,0.002255639097744361,0.1935483870967742,0.0022346368715083797
logistic_base,0.6671748582734025,2651,6,2645,25,0.002263296869105998,0.1935483870967742,0.002242152466367713
logistic_base,0.6743273446123528,2645,6,2639,25,0.002268431001890359,0.1935483870967742,0.0022471910112359553
logistic_base,0.6822712253747484,2631,6,2625,25,0.002280501710376283,0.1935483870967742,0.002259036144578313
logistic_base,0.6902107024987639,2623,6,2617,25,0.002287457110179184,0.1935483870967742,0.0022658610271903325
logistic_base,0.6968962204717919,2618,6,2612,25,0.002291825821237586,0.1935483870967742,0.0022701475595913734
logistic_base,0.703603089790156,2613,6,2607,25,0.002296211251435132,0.1935483870967742,0.002274450341167551
logistic_base,0.7106185191952045,2602,6,2596,25,0.0023059185242121443,0.1935483870967742,0.0022839741149600305
logistic_base,0.7162494422403132,2598,6,2592,25,0.0023094688221709007,0.1935483870967742,0.002287457110179184
logistic_base,0.7239008604769409,2590,6,2584,25,0.0023166023166023165,0.1935483870967742,0.002294455066921606
logistic_base,0.7289337499947202,2579,6,2573,25,0.0023264831329972858,0.1935483870967742,0.002304147465437788
logistic_base,0.733035584529234,2571,6,2565,25,0.002333722287047841,0.1935483870967742,0.0023112480739599386
logistic_base,0.7387001024217907,2564,6,2558,25,0.00234009360374415,0.1935483870967742,0.002317497103128621
logistic_base,0.7436381105552412,2558,6,2552,25,0.0023455824863174357,0.1935483870967742,0.0023228803716608595
logistic_base,0.749896986214483,2549,6,2543,25,0.0023538642604943117,0.1935483870967742,0.002331002331002331
logistic_base,0.7544864564556614,2539,6,2533,25,0.0023631350925561244,0.1935483870967742,0.00234009360374415
logistic_base,0.7587317605520619,2530,6,2524,25,0.0023715415019762848,0.1935483870967742,0.0023483365949119373
logistic_base,0.7622306101426067,2525,6,2519,25,0.002376237623762376,0.1935483870967742,0.002352941176470588
logistic_base,0.765968058786008,2520,6,2514,25,0.002380952380952381,0.1935483870967742,0.002357563850687623
logistic_base,0.7706919919197734,2511,6,2505,25,0.0023894862604540022,0.1935483870967742,0.002365930599369085
logistic_base,0.7745782738015811,2507,6,2501,25,0.0023932987634623054,0.1935483870967742,0.002369668246445498
logistic_base,0.7788641674475114,2493,6,2487,25,0.0024067388688327317,0.1935483870967742,0.0023828435266084196
logistic_base,0.7823471762329497,2482,6,2476,25,0.0024174053182917004,0.1935483870967742,0.0023932987634623054
logistic_base,0.7858027603502643,2473,6,2467,25,0.002426202992317024,0.1935483870967742,0.0024019215372297837
logistic_base,0.7893116831672363,2464,6,2458,25,0.002435064935064935,0.1935483870967742,0.0024106066693451184
logistic_base,0.7917509617382504,2454,5,2449,26,0.002037489812550937,0.16129032258064516,0.0020161290322580645
logistic_base,0.7943350774225636,2445,5,2440,26,0.002044989775051125,0.16129032258064516,0.0020234722784297854
logistic_base,0.7978114403678463,2433,5,2428,26,0.002055076037813399,0.16129032258064516,0.0020333468889792597
logistic_base,0.8001548595497422,2424,5,2419,26,0.0020627062706270625,0.16129032258064516,0.0020408163265306124
logistic_base,0.8022641744651043,2416,5,2411,26,0.0020695364238410598,0.16129032258064516,0.0020475020475020475
logistic_base,0.8051675790549345,2409,5,2404,26,0.0020755500207555004,0.16129032258064516,0.002053388090349076
logistic_base,0.8075045937255209,2398,5,2393,26,0.002085070892410342,0.16129032258064516,0.0020627062706270625
logistic_base,0.8098782399862073,2390,5,2385,26,0.0020920502092050207,0.16129032258064516,0.0020695364238410598
logistic_base,0.8121926291061952,2385,5,2380,26,0.0020964360587002098,0.16129032258064516,0.002073828287017835
logistic_base,0.8141354186506149,2376,5,2371,26,0.0021043771043771043,0.16129032258064516,0.0020815986677768525
logistic_base,0.816148058791505,2366,5,2361,26,0.002113271344040575,0.16129032258064516,0.0020903010033444815
logistic_base,0.8181205843166063,2358,5,2353,26,0.0021204410517387615,0.16129032258064516,0.0020973154362416107
logistic_base,0.8200948993837472,2348,5,2343,26,0.002129471890971039,0.16129032258064516,0.0021061499578770007
logistic_base,0.8221850371302849,2338,5,2333,26,0.00213857998289136,0.16129032258064516,0.0021150592216582064
logistic_base,0.8242054932732482,2332,5,2327,26,0.002144082332761578,0.16129032258064516,0.0021204410517387615
logistic_base,0.8262273056907466,2324,5,2319,26,0.0021514629948364886,0.16129032258064516,0.002127659574468085
logistic_base,0.8284877600474148,2311,5,2306,26,0.0021635655560363477,0.16129032258064516,0.002139495079161318
logistic_base,0.8301708664449718,2297,5,2292,26,0.0021767522855899,0.16129032258064516,0.002152389151958674
logistic_base,0.8322179798316987,2286,5,2281,26,0.0021872265966754157,0.16129032258064516,0.0021626297577854673
logistic_base,0.8336402534629573,2275,5,2270,26,0.002197802197802198,0.16129032258064516,0.0021729682746631897
logistic_base,0.8349630061359781,2268,5,2263,26,0.002204585537918871,0.16129032258064516,0.002179598953792502
logistic_base,0.8361384146802366,2253,5,2248,26,0.0022192632046160675,0.16129032258064516,0.002193944712593243
logistic_base,0.8375940998384143,2244,5,2239,26,0.0022281639928698753,0.16129032258064516,0.0022026431718061676
logistic_base,0.8393172634379874,2234,5,2229,26,0.0022381378692927483,0.16129032258064516,0.0022123893805309734
logistic_base,0.8410404156125421,2221,5,2216,26,0.0022512381809995496,0.16129032258064516,0.0022251891410769915
logistic_base,0.8425730558533495,2215,5,2210,26,0.002257336343115124,0.16129032258064516,0.0022311468094600626
logistic_base,0.8441515999322856,2206,5,2201,26,0.0022665457842248413,0.16129032258064516,0.002240143369175627
logistic_base,0.8454302225333715,2199,5,2194,26,0.002273760800363802,0.16129032258064516,0.0022471910112359553
logistic_base,0.8473941351353684,2190,5,2185,26,0.00228310502283105,0.16129032258064516,0.002256317689530686
logistic_base,0.8489255743875955,2179,5,2174,26,0.002294630564479119,0.16129032258064516,0.0022675736961451248
logistic_base,0.8500168418200925,2167,5,2162,26,0.0023073373327180432,0.16129032258064516,0.002279981760145919
logistic_base,0.8518090653622591,2161,5,2156,26,0.0023137436372049976,0.16129032258064516,0.002286236854138089
logistic_base,0.8533109341028284,2156,5,2151,26,0.002319109461966605,0.16129032258064516,0.00229147571035747
logistic_base,0.854773185156377,2146,5,2141,26,0.002329916123019571,0.16129032258064516,0.0023020257826887663
logistic_base,0.8557353298792272,2132,5,2127,26,0.0023452157598499064,0.16129032258064516,0.0023169601482854493
logistic_base,0.8570416793575107,2123,5,2118,26,0.0023551577955723034,0.16129032258064516,0.002326663564448581
logistic_base,0.8583939802945897,2116,5,2111,26,0.0023629489603024575,0.16129032258064516,0.002334267040149393
logistic_base,0.8596041143981926,2106,5,2101,26,0.0023741690408357074,0.16129032258064516,0.0023452157598499064
logistic_base,0.8607648322130388,2101,5,2096,26,0.002379819133745835,0.16129032258064516,0.0023507287259050304
logistic_base,0.8623121265136514,2091,5,2086,26,0.0023912003825920613,0.16129032258064516,0.0023618327822390174
logistic_base,0.8632413353251572,2081,4,2077,27,0.0019221528111484864,0.12903225806451613,0.0018975332068311196
logistic_base,0.8643158482508718,2069,4,2065,27,0.0019333011116481392,0.12903225806451613,0.0019083969465648854
logistic_base,0.8655116347938044,2055,4,2051,27,0.0019464720194647203,0.12903225806451613,0.0019212295869356388
logistic_base,0.8664775135047036,2043,3,2040,28,0.0014684287812041115,0.0967741935483871,0.0014485755673587638
logistic_base,0.8679749922096048,2029,3,2026,28,0.0014785608674223755,0.0967741935483871,0.0014584346135148275
logistic_base,0.8688581816049084,2020,3,2017,28,0.0014851485148514852,0.0967741935483871,0.00146484375
logistic_base,0.8701552457493988,2004,3,2001,28,0.0014970059880239522,0.0967741935483871,0.0014763779527559055
logistic_base,0.8710713528143981,1994,3,1991,28,0.0015045135406218655,0.0967741935483871,0.001483679525222552
logistic_base,0.8719960805490251,1980,3,1977,28,0.0015151515151515152,0.0967741935483871,0.00149402390438247
logistic_base,0.8727975241845222,1967,3,1964,28,0.001525165226232842,0.0967741935483871,0.0015037593984962407
logistic_base,0.8737076623665266,1953,3,1950,28,0.0015360983102918587,0.0967741935483871,0.001514386673397274
logistic_base,0.8744436443127483,1938,3,1935,28,0.0015479876160990713,0.0967741935483871,0.001525940996948118
logistic_base,0.8753263876595103,1926,3,1923,28,0.001557632398753894,0.0967741935483871,0.0015353121801432957
logistic_base,0.8762151732752639,1912,3,1909,28,0.0015690376569037657,0.0967741935483871,0.0015463917525773195
logistic_base,0.8770311247891507,1902,3,1899,28,0.0015772870662460567,0.0967741935483871,0.0015544041450777201
logistic_base,0.8777030319513933,1895,3,1892,28,0.0015831134564643799,0.0967741935483871,0.0015600624024961
logistic_base,0.8785262211657369,1878,3,1875,28,0.001597444089456869,0.0967741935483871,0.0015739769150052466
logistic_base,0.8793586373006547,1869,3,1866,28,0.0016051364365971107,0.0967741935483871,0.0015814443858724301
logistic_base,0.8801627794783238,1855,3,1852,28,0.0016172506738544475,0.0967741935483871,0.0015932023366967605
logistic_base,0.8811078374484714,1849,3,1846,28,0.0016224986479177934,0.0967741935483871,0.0015982951518380393
logistic_base,0.8817209640625516,1834,3,1831,28,0.0016357688113413304,0.0967741935483871,0.001611170784103115
logistic_base,0.882543871296699,1826,3,1823,28,0.0016429353778751369,0.0967741935483871,0.0016181229773462784
logistic_base,0.88331736280655,1816,3,1813,28,0.0016519823788546256,0.0967741935483871,0.0016268980477223427
logistic_base,0.8840063635590346,1802,3,1799,28,0.001664816870144284,0.0967741935483871,0.001639344262295082
logistic_base,0.8848247935097349,1791,3,1788,28,0.0016750418760469012,0.0967741935483871,0.0016492578339747114
logistic_base,0.8855819035530942,1779,3,1776,28,0.0016863406408094434,0.0967741935483871,0.0016602102933038186
logistic_base,0.8863752740660128,1769,3,1766,28,0.0016958733747880158,0.0967741935483871,0.001669449081803005
logistic_base,0.8871622145420394,1757,3,1754,28,0.001707455890722823,0.0967741935483871,0.0016806722689075631
logistic_base,0.8878522433376416,1742,2,1740,29,0.001148105625717566,0.06451612903225806,0.001129305477131564
logistic_base,0.8884972381686558,1730,2,1728,29,0.0011560693641618498,0.06451612903225806,0.0011370096645821489
logistic_base,0.8891947506507943,1716,2,1714,29,0.0011655011655011655,0.06451612903225806,0.001146131805157593
logistic_base,0.8900154297826867,1706,2,1704,29,0.0011723329425556857,0.06451612903225806,0.0011527377521613833
logistic_base,0.8905439804399767,1691,1,1690,30,0.0005913660555884093,0.03225806451612903,0.0005810575246949448
logistic_base,0.891455337547665,1676,1,1675,30,0.0005966587112171838,0.03225806451612903,0.0005861664712778429
logistic_base,0.8921556487922052,1666,1,1665,30,0.0006002400960384153,0.03225806451612903,0.0005896226415094339
logistic_base,0.8926333910597716,1655,1,1654,30,0.0006042296072507553,0.03225806451612903,0.0005934718100890207
logistic_base,0.893308349772575,1645,1,1644,30,0.0006079027355623101,0.03225806451612903,0.0005970149253731343
logistic_base,0.893900362169557,1631,1,1630,30,0.0006131207847946045,0.03225806451612903,0.0006020469596628537
logistic_base,0.8945657946053392,1623,1,1622,30,0.0006161429451632779,0.03225806451612903,0.0006049606775559589
logistic_base,0.8951572047497,1609,1,1608,30,0.0006215040397762585,0.03225806451612903,0.0006101281269066504
logistic_base,0.8956152415121935,1593,1,1592,30,0.0006277463904582549,0.03225806451612903,0.0006161429451632779
logistic_base,0.8967032420712051,1575,1,1574,30,0.0006349206349206349,0.03225806451612903,0.0006230529595015577
logistic_base,0.8971611463774717,1562,1,1561,30,0.0006402048655569782,0.03225806451612903,0.000628140703517588
logistic_base,0.8976435411988202,1548,1,1547,30,0.0006459948320413437,0.03225806451612903,0.0006337135614702154
logistic_base,0.8985667372438472,1530,1,1529,30,0.00065359477124183,0.03225806451612903,0.000641025641025641
logistic_base,0.8992991674273706,1516,1,1515,30,0.0006596306068601583,0.03225806451612903,0.000646830530401035
logistic_base,0.8999407476074577,1500,1,1499,30,0.0006666666666666666,0.03225806451612903,0.00065359477124183
logistic_base,0.9005930738396806,1487,1,1486,30,0.0006724949562878278,0.03225806451612903,0.0006591957811470006
logistic_base,0.9011093530262186,1472,1,1471,30,0.0006793478260869565,0.03225806451612903,0.0006657789613848203
logistic_base,0.9015693103153213,1457,1,1456,30,0.0006863417982155113,0.03225806451612903,0.0006724949562878278
logistic_base,0.902422564693849,1447,1,1446,30,0.000691085003455425,0.03225806451612903,0.0006770480704129993
logistic_base,0.9032500860674314,1426,1,1425,30,0.0007012622720897616,0.03225806451612903,0.0006868131868131869
logistic_base,0.9036529084797382,1411,0,1411,31,0.0,0.0,0.0
logistic_base,0.9043794773433078,1395,0,1395,31,0.0,0.0,0.0
logistic_base,0.9050955520759759,1381,0,1381,31,0.0,0.0,0.0
logistic_base,0.9057380016320103,1364,0,1364,31,0.0,0.0,0.0
logistic_base,0.9063118109359598,1352,0,1352,31,0.0,0.0,0.0
logistic_base,0.9072736468779499,1339,0,1339,31,0.0,0.0,0.0
logistic_base,0.9080534028499969,1317,0,1317,31,0.0,0.0,0.0
logistic_base,0.9087429902351747,1301,0,1301,31,0.0,0.0,0.0
logistic_base,0.9090881277772102,1284,0,1284,31,0.0,0.0,0.0
logistic_base,0.9096102492903072,1270,0,1270,31,0.0,0.0,0.0
logistic_base,0.9102331018040208,1248,0,1248,31,0.0,0.0,0.0
logistic_base,0.9106744204464898,1224,0,1224,31,0.0,0.0,0.0
logistic_base,0.9111736473334167,1206,0,1206,31,0.0,0.0,0.0
logistic_base,0.9116636195434332,1194,0,1194,31,0.0,0.0,0.0
logistic_base,0.9122616111426732,1175,0,1175,31,0.0,0.0,0.0
logistic_base,0.9128034863102197,1156,0,1156,31,0.0,0.0,0.0
logistic_base,0.9132098890446348,1135,0,1135,31,0.0,0.0,0.0
logistic_base,0.9137466542967931,1122,0,1122,31,0.0,0.0,0.0
logistic_base,0.9143111996498101,1104,0,1104,31,0.0,0.0,0.0
logistic_base,0.9147432680913515,1077,0,1077,31,0.0,0.0,0.0
logistic_base,0.9151828303253379,1052,0,1052,31,0.0,0.0,0.0
logistic_base,0.9158046679391358,1031,0,1031,31,0.0,0.0,0.0
logistic_base,0.9162049081236587,1007,0,1007,31,0.0,0.0,0.0
logistic_base,0.9168141187982528,987,0,987,31,0.0,0.0,0.0
logistic_base,0.9174106137673795,966,0,966,31,0.0,0.0,0.0
logistic_base,0.9178497269006923,945,0,945,31,0.0,0.0,0.0
logistic_base,0.9185663266536227,919,0,919,31,0.0,0.0,0.0
logistic_base,0.9190978922213056,898,0,898,31,0.0,0.0,0.0
logistic_base,0.9194926194180654,885,0,885,31,0.0,0.0,0.0
logistic_base,0.920387801197804,861,0,861,31,0.0,0.0,0.0
logistic_base,0.9208671511222606,835,0,835,31,0.0,0.0,0.0
logistic_base,0.9212472145447551,812,0,812,31,0.0,0.0,0.0
logistic_base,0.9218671101099163,787,0,787,31,0.0,0.0,0.0
logistic_base,0.9226456651373882,765,0,765,31,0.0,0.0,0.0
logistic_base,0.9233506740353944,740,0,740,31,0.0,0.0,0.0
logistic_base,0.9239643321722993,713,0,713,31,0.0,0.0,0.0
logistic_base,0.9244353225985862,697,0,697,31,0.0,0.0,0.0
logistic_base,0.9252935720427747,671,0,671,31,0.0,0.0,0.0
logistic_base,0.9256542641820155,651,0,651,31,0.0,0.0,0.0
logistic_base,0.926101112241828,622,0,622,31,0.0,0.0,0.0
logistic_base,0.9268075677239637,600,0,600,31,0.0,0.0,0.0
logistic_base,0.9276257229376282,577,0,577,31,0.0,0.0,0.0
logistic_base,0.9281266327088403,551,0,551,31,0.0,0.0,0.0
logistic_base,0.9289414978806204,522,0,522,31,0.0,0.0,0.0
logistic_base,0.929395132220397,499,0,499,31,0.0,0.0,0.0
logistic_base,0.930066518387939,470,0,470,31,0.0,0.0,0.0
logistic_base,0.9307811114292182,441,0,441,31,0.0,0.0,0.0
logistic_base,0.9314462487577958,413,0,413,31,0.0,0.0,0.0
logistic_base,0.9321347276118537,389,0,389,31,0.0,0.0,0.0
logistic_base,0.9327162558618637,363,0,363,31,0.0,0.0,0.0
logistic_base,0.9333409857004262,337,0,337,31,0.0,0.0,0.0
logistic_base,0.9346042620966082,305,0,305,31,0.0,0.0,0.0
logistic_base,0.9354902710406461,270,0,270,31,0.0,0.0,0.0
logistic_base,0.9363194390604693,238,0,238,31,0.0,0.0,0.0
logistic_base,0.937488790647958,211,0,211,31,0.0,0.0,0.0
logistic_base,0.9383581928985213,178,0,178,31,0.0,0.0,0.0
logistic_base,0.9397142845222216,145,0,145,31,0.0,0.0,0.0
logistic_base,0.9413276601291303,113,0,113,31,0.0,0.0,0.0
logistic_base,0.9433666495318823,76,0,76,31,0.0,0.0,0.0
logistic_base,0.9455733360590401,38,0,38,31,0.0,0.0,0.0
logistic_base,0.9567153911757348,1,0,1,31,0.0,0.0,0.0
logistic_base,0.9567153911757349,0,0,0,31,0.0,0.0,0.0
logistic_mask_geometry,0.0004052095644413799,2634,8,2626,23,0.0030372057706909645,0.25806451612903225,0.0030109145652992097
logistic_mask_geometry,0.0254392377728687,2606,8,2598,23,0.0030698388334612432,0.25806451612903225,0.0030429821224800305
logistic_mask_geometry,0.081408160123406,2589,8,2581,23,0.003089996137504828,0.25806451612903225,0.0030627871362940277
logistic_mask_geometry,0.15244222089622766,2571,8,2563,23,0.0031116297160637884,0.25806451612903225,0.0030840400925212026
logistic_mask_geometry,0.2085231981935469,2557,8,2549,23,0.003128666405944466,0.25806451612903225,0.0031007751937984496
logistic_mask_geometry,0.25648672068434003,2543,8,2535,23,0.0031458906802988595,0.25806451612903225,0.003117692907248636
logistic_mask_geometry,0.2971936608026357,2526,8,2518,23,0.003167062549485352,0.25806451612903225,0.003138485680659082
logistic_mask_geometry,0.32809413581715924,2517,8,2509,23,0.0031783869686134287,0.25806451612903225,0.0031496062992125984
logistic_mask_geometry,0.35865843867022257,2501,8,2493,23,0.003198720511795282,0.25806451612903225,0.003169572107765452
logistic_mask_geometry,0.39032541369378443,2490,8,2482,23,0.00321285140562249,0.25806451612903225,0.0031834460803820135
logistic_mask_geometry,0.4249728298450837,2477,8,2469,23,0.003229713362939039,0.25806451612903225,0.0032
logistic_mask_geometry,0.4535613393410056,2461,8,2453,23,0.003250711093051605,0.25806451612903225,0.00322061191626409
logistic_mask_geometry,0.48212843425702423,2451,8,2443,23,0.0032639738882088943,0.25806451612903225,0.0032336297493936943
logistic_mask_geometry,0.5083033060132275,2443,8,2435,23,0.003274662300450266,0.25806451612903225,0.0032441200324412004
logistic_mask_geometry,0.5338762290126916,2433,8,2425,23,0.0032881216605014385,0.25806451612903225,0.003257328990228013
logistic_mask_geometry,0.5599077249820908,2424,8,2416,23,0.0033003300330033004,0.25806451612903225,0.0032693093583980384
logistic_mask_geometry,0.5818990980287582,2415,8,2407,23,0.0033126293995859213,0.25806451612903225,0.003281378178835111
logistic_mask_geometry,0.5979249382028042,2407,8,2399,23,0.0033236393851267137,0.25806451612903225,0.0032921810699588477
logistic_mask_geometry,0.6124740880821872,2396,8,2388,23,0.00333889816360601,0.25806451612903225,0.0033071517155849523
logistic_mask_geometry,0.6267179471225023,2386,7,2379,24,0.002933780385582565,0.22580645161290322,0.002904564315352697
logistic_mask_geometry,0.639693307560174,2378,7,2371,24,0.002943650126156434,0.22580645161290322,0.0029142381348875937
logistic_mask_geometry,0.6550478269966767,2364,7,2357,24,0.002961082910321489,0.22580645161290322,0.002931323283082077
logistic_mask_geometry,0.6681901493542413,2352,7,2345,24,0.002976190476190476,0.22580645161290322,0.002946127946127946
logistic_mask_geometry,0.681449794913197,2341,7,2334,24,0.00299017513882956,0.22580645161290322,0.002959830866807611
logistic_mask_geometry,0.6908608866442058,2334,7,2327,24,0.0029991431019708655,0.22580645161290322,0.0029686174724342664
logistic_mask_geometry,0.7009261009442798,2323,7,2316,24,0.003013344812742144,0.22580645161290322,0.002982530890498509
logistic_mask_geometry,0.7131836579637857,2311,7,2304,24,0.003028991778450887,0.22580645161290322,0.0029978586723768737
logistic_mask_geometry,0.7250214366777663,2299,7,2292,24,0.003044802087864289,0.22580645161290322,0.003013344812742144
logistic_mask_geometry,0.7344340847227305,2288,7,2281,24,0.0030594405594405595,0.22580645161290322,0.003027681660899654
logistic_mask_geometry,0.7418262717250743,2278,7,2271,24,0.0030728709394205445,0.22580645161290322,0.0030408340573414424
logistic_mask_geometry,0.7498650890327396,2263,7,2256,24,0.0030932390631904553,0.22580645161290322,0.003060778312199388
logistic_mask_geometry,0.7576029853875588,2257,7,2250,24,0.0031014621178555605,0.22580645161290322,0.003068829460762823
logistic_mask_geometry,0.7630778296156883,2252,7,2245,24,0.003108348134991119,0.22580645161290322,0.0030755711775043936
logistic_mask_geometry,0.769426039348175,2238,7,2231,24,0.003127792672028597,0.22580645161290322,0.003094606542882405
logistic_mask_geometry,0.7766088010849735,2228,7,2221,24,0.0031418312387791743,0.22580645161290322,0.003108348134991119
logistic_mask_geometry,0.7830279556385527,2218,7,2211,24,0.0031559963931469793,0.22580645161290322,0.0031222123104371097
logistic_mask_geometry,0.7870798974115104,2212,7,2205,24,0.0031645569620253164,0.22580645161290322,0.0031305903398926656
logistic_mask_geometry,0.7920362429756108,2196,7,2189,24,0.0031876138433515485,0.22580645161290322,0.003153153153153153
logistic_mask_geometry,0.7954771051435221,2187,7,2180,24,0.003200731595793324,0.22580645161290322,0.003165988240615106
logistic_mask_geometry,0.8017358326077845,2176,7,2169,24,0.003216911764705882,0.22580645161290322,0.003181818181818182
logistic_mask_geometry,0.8063548593526074,2166,7,2159,24,0.003231763619575254,0.22580645161290322,0.0031963470319634705
logistic_mask_geometry,0.8103525889449618,2160,7,2153,24,0.0032407407407407406,0.22580645161290322,0.003205128205128205
logistic_mask_geometry,0.8131336501328824,2148,7,2141,24,0.0032588454376163874,0.22580645161290322,0.0032228360957642726
logistic_mask_geometry,0.817343693670461,2141,7,2134,24,0.003269500233535731,0.22580645161290322,0.003233256351039261
logistic_mask_geometry,0.8209310738162787,2131,7,2124,24,0.00328484279680901,0.22580645161290322,0.0032482598607888632
logistic_mask_geometry,0.8252614227468463,2121,7,2114,24,0.0033003300330033004,0.22580645161290322,0.0032634032634032634
logistic_mask_geometry,0.8284659894611945,2111,7,2104,24,0.0033159639981051635,0.22580645161290322,0.003278688524590164
logistic_mask_geometry,0.8315955928677432,2102,7,2095,24,0.003330161750713606,0.22580645161290322,0.003292568203198495
logistic_mask_geometry,0.8348280870641915,2097,7,2090,24,0.0033381020505484026,0.22580645161290322,0.0033003300330033004
logistic_mask_geometry,0.8377121248976684,2083,7,2076,24,0.003360537686029765,0.22580645161290322,0.0033222591362126247
logistic_mask_geometry,0.840945360165017,2069,7,2062,24,0.0033832769453842437,0.22580645161290322,0.0033444816053511705
logistic_mask_geometry,0.8433936126771115,2063,7,2056,24,0.0033931168201648087,0.22580645161290322,0.0033540967896502154
logistic_mask_geometry,0.8464071312991536,2053,7,2046,24,0.0034096444227959084,0.22580645161290322,0.003370245546461242
logistic_mask_geometry,0.8487875014250763,2042,7,2035,24,0.0034280117531831538,0.22580645161290322,0.003388189738625363
logistic_mask_geometry,0.8512446721541206,2031,7,2024,24,0.0034465780403741997,0.22580645161290322,0.0034063260340632603
logistic_mask_geometry,0.8536035180895067,2018,7,2011,24,0.003468780971258672,0.22580645161290322,0.0034280117531831538
logistic_mask_geometry,0.8564962585467375,2008,7,2001,24,0.0034860557768924302,0.22580645161290322,0.0034448818897637795
logistic_mask_geometry,0.8588393210050378,1999,7,1992,24,0.003501750875437719,0.22580645161290322,0.0034602076124567475
logistic_mask_geometry,0.8609395050050285,1986,7,1979,24,0.003524672708962739,0.22580645161290322,0.003482587064676617
logistic_mask_geometry,0.8632727651155914,1973,7,1966,24,0.0035478966041561076,0.22580645161290322,0.0035052578868302454
logistic_mask_geometry,0.8651833592968826,1962,7,1955,24,0.003567787971457696,0.22580645161290322,0.003524672708962739
logistic_mask_geometry,0.867501988699846,1950,7,1943,24,0.0035897435897435897,0.22580645161290322,0.0035460992907801418
logistic_mask_geometry,0.8696834308054345,1943,7,1936,24,0.003602676273803397,0.22580645161290322,0.0035587188612099642
logistic_mask_geometry,0.8715039988161426,1931,7,1924,24,0.0036250647332988087,0.22580645161290322,0.0035805626598465474
logistic_mask_geometry,0.8740129763634888,1918,7,1911,24,0.0036496350364963502,0.22580645161290322,0.003604531410916581
logistic_mask_geometry,0.8758370943247519,1912,7,1905,24,0.0036610878661087866,0.22580645161290322,0.003615702479338843
logistic_mask_geometry,0.8774074541738249,1902,7,1895,24,0.003680336487907466,0.22580645161290322,0.0036344755970924196
logistic_mask_geometry,0.8793536708730346,1895,7,1888,24,0.0036939313984168864,0.22580645161290322,0.0036477331943720686
logistic_mask_geometry,0.8813239861230524,1884,7,1877,24,0.0037154989384288748,0.22580645161290322,0.003668763102725367
logistic_mask_geometry,0.8830265725934427,1874,7,1867,24,0.003735325506937033,0.22580645161290322,0.0036880927291886197
logistic_mask_geometry,0.8854009896242793,1866,7,1859,24,0.0037513397642015005,0.22580645161290322,0.003703703703703704
logistic_mask_geometry,0.8871482861999093,1859,7,1852,24,0.0037654653039268424,0.22580645161290322,0.0037174721189591076
logistic_mask_geometry,0.8889982461366235,1844,6,1838,25,0.0032537960954446853,0.1935483870967742,0.0032102728731942215
logistic_mask_geometry,0.8906918870591776,1835,6,1829,25,0.0032697547683923707,0.1935483870967742,0.0032258064516129032
logistic_mask_geometry,0.8920527225958432,1828,6,1822,25,0.0032822757111597373,0.1935483870967742,0.0032379924446842958
logistic_mask_geometry,0.8932386253975263,1818,6,1812,25,0.0033003300330033004,0.1935483870967742,0.0032555615843733042
logistic_mask_geometry,0.8948790963317313,1807,6,1801,25,0.003320420586607637,0.1935483870967742,0.0032751091703056767
logistic_mask_geometry,0.8961712447915381,1791,6,1785,25,0.0033500837520938024,0.1935483870967742,0.003303964757709251
logistic_mask_geometry,0.8974998252303935,1777,6,1771,25,0.0033764772087788407,0.1935483870967742,0.003329633740288568
logistic_mask_geometry,0.8990816869202805,1767,6,1761,25,0.003395585738539898,0.1935483870967742,0.0033482142857142855
logistic_mask_geometry,0.9003698148958919,1758,6,1752,25,0.0034129692832764505,0.1935483870967742,0.0033651149747616375
logistic_mask_geometry,0.9019307838971471,1752,6,1746,25,0.003424657534246575,0.1935483870967742,0.0033764772087788407
logistic_mask_geometry,0.9033045254112015,1746,6,1740,25,0.003436426116838488,0.1935483870967742,0.0033879164313946925
logistic_mask_geometry,0.9049700164014527,1739,6,1733,25,0.0034502587694077054,0.1935483870967742,0.003401360544217687
logistic_mask_geometry,0.9060567174475735,1729,6,1723,25,0.003470213996529786,0.1935483870967742,0.0034207525655644243
logistic_mask_geometry,0.9074731860709768,1723,6,1717,25,0.003482298316889147,0.1935483870967742,0.003432494279176201
logistic_mask_geometry,0.908926069247503,1712,6,1706,25,0.0035046728971962616,0.1935483870967742,0.0034542314335060447
logistic_mask_geometry,0.910177927806207,1704,6,1698,25,0.0035211267605633804,0.1935483870967742,0.003470213996529786
logistic_mask_geometry,0.9114911917303257,1692,6,1686,25,0.0035460992907801418,0.1935483870967742,0.0034944670937682005
logistic_mask_geometry,0.9126513123299115,1686,6,1680,25,0.0035587188612099642,0.1935483870967742,0.0035067212156633548
logistic_mask_geometry,0.9140839185468119,1670,6,1664,25,0.003592814371257485,0.1935483870967742,0.0035398230088495575
logistic_mask_geometry,0.9154872557009979,1655,6,1649,25,0.0036253776435045317,0.1935483870967742,0.0035714285714285713
logistic_mask_geometry,0.9170937075178337,1648,6,1642,25,0.0036407766990291263,0.1935483870967742,0.0035863717872086074
logistic_mask_geometry,0.9185787186761138,1638,5,1633,26,0.0030525030525030525,0.16129032258064516,0.0030048076923076925
logistic_mask_geometry,0.9198211623312497,1626,5,1621,26,0.003075030750307503,0.16129032258064516,0.003026634382566586
logistic_mask_geometry,0.9210674360090012,1616,5,1611,26,0.003094059405940594,0.16129032258064516,0.0030450669914738123
logistic_mask_geometry,0.9222403379398945,1607,5,1602,26,0.0031113876789047915,0.16129032258064516,0.003061849357011635
logistic_mask_geometry,0.9233207535839851,1597,5,1592,26,0.0031308703819661866,0.16129032258064516,0.0030807147258163892
logistic_mask_geometry,0.9243029692788052,1585,5,1580,26,0.0031545741324921135,0.16129032258064516,0.0031036623215394167
logistic_mask_geometry,0.9254035654768205,1574,5,1569,26,0.0031766200762388818,0.16129032258064516,0.003125
logistic_mask_geometry,0.9263959004202249,1562,5,1557,26,0.003201024327784891,0.16129032258064516,0.0031486146095717885
logistic_mask_geometry,0.9274016573454702,1550,5,1545,26,0.0032258064516129032,0.16129032258064516,0.0031725888324873096
logistic_mask_geometry,0.9283577054545746,1543,5,1538,26,0.0032404406999351912,0.16129032258064516,0.0031867431485022306
logistic_mask_geometry,0.9294238302798937,1538,5,1533,26,0.003250975292587776,0.16129032258064516,0.00319693094629156
logistic_mask_geometry,0.9305069249198453,1526,5,1521,26,0.00327653997378768,0.16129032258064516,0.0032216494845360823
logistic_mask_geometry,0.9314607637234821,1520,5,1515,26,0.003289473684210526,0.16129032258064516,0.003234152652005175
logistic_mask_geometry,0.9322602809071407,1511,5,1506,26,0.0033090668431502318,0.16129032258064516,0.0032530904359141183
logistic_mask_geometry,0.9332368680550447,1504,5,1499,26,0.003324468085106383,0.16129032258064516,0.0032679738562091504
logistic_mask_geometry,0.9341461170514525,1489,5,1484,26,0.0033579583613163196,0.16129032258064516,0.0033003300330033004
logistic_mask_geometry,0.9349365556556788,1477,5,1472,26,0.003385240352064997,0.16129032258064516,0.00332667997338656
logistic_mask_geometry,0.9358660391861406,1467,5,1462,26,0.0034083162917518746,0.16129032258064516,0.003348961821835231
logistic_mask_geometry,0.9369325360490135,1462,5,1457,26,0.003419972640218878,0.16129032258064516,0.003360215053763441
logistic_mask_geometry,0.9377828030846241,1457,5,1452,26,0.0034317089910775567,0.16129032258064516,0.0033715441672285905
logistic_mask_geometry,0.9386864883734203,1448,5,1443,26,0.003453038674033149,0.16129032258064516,0.0033921302578018998
logistic_mask_geometry,0.9397259855385721,1436,5,1431,26,0.003481894150417827,0.16129032258064516,0.003419972640218878
logistic_mask_geometry,0.9406529137140709,1428,5,1423,26,0.0035014005602240898,0.16129032258064516,0.0034387895460797797
logistic_mask_geometry,0.9414296623410634,1417,5,1412,26,0.0035285815102328866,0.16129032258064516,0.003465003465003465
logistic_mask_geometry,0.9421448046006303,1410,5,1405,26,0.0035460992907801418,0.16129032258064516,0.003481894150417827
logistic_mask_geometry,0.9429047705419168,1403,5,1398,26,0.003563791874554526,0.16129032258064516,0.0034989503149055285
logistic_mask_geometry,0.943577813855147,1393,5,1388,26,0.003589375448671931,0.16129032258064516,0.0035236081747709656
logistic_mask_geometry,0.9443818090432434,1380,5,1375,26,0.0036231884057971015,0.16129032258064516,0.0035561877667140826
logistic_mask_geometry,0.9450360416309186,1372,5,1367,26,0.0036443148688046646,0.16129032258064516,0.00357653791130186
logistic_mask_geometry,0.9460053666187715,1363,5,1358,26,0.003668378576669112,0.16129032258064516,0.003599712023038157
logistic_mask_geometry,0.9466099369178633,1356,5,1351,26,0.003687315634218289,0.16129032258064516,0.00361794500723589
logistic_mask_geometry,0.9474900453731758,1347,5,1342,26,0.003711952487008166,0.16129032258064516,0.003641660597232338
logistic_mask_geometry,0.9482555144377903,1336,5,1331,26,0.0037425149700598802,0.16129032258064516,0.003671071953010279
logistic_mask_geometry,0.9487807978822561,1329,4,1325,27,0.0030097817908201654,0.12903225806451613,0.0029498525073746312
logistic_mask_geometry,0.9496145671000995,1315,4,1311,27,0.003041825095057034,0.12903225806451613,0.0029806259314456036
logistic_mask_geometry,0.950322846923248,1307,4,1303,27,0.00306044376434583,0.12903225806451613,0.0029985007496251873
logistic_mask_geometry,0.951129297145433,1299,4,1295,27,0.003079291762894534,0.12903225806451613,0.0030165912518853697
logistic_mask_geometry,0.9519494545305628,1289,4,1285,27,0.0031031807602792862,0.12903225806451613,0.00303951367781155
logistic_mask_geometry,0.9527926185746365,1283,4,1279,27,0.003117692907248636,0.12903225806451613,0.0030534351145038168
logistic_mask_geometry,0.9533163097491164,1271,4,1267,27,0.003147128245476003,0.12903225806451613,0.0030816640986132513
logistic_mask_geometry,0.9539077280580948,1264,4,1260,27,0.0031645569620253164,0.12903225806451613,0.003098373353989156
logistic_mask_geometry,0.9546331904632905,1251,3,1248,28,0.002398081534772182,0.0967741935483871,0.0023455824863174357
logistic_mask_geometry,0.9553309774171012,1241,3,1238,28,0.0024174053182917004,0.0967741935483871,0.002364066193853428
logistic_mask_geometry,0.9559128763396404,1233,3,1230,28,0.0024330900243309003,0.0967741935483871,0.0023790642347343376
logistic_mask_geometry,0.9565277662605883,1227,3,1224,28,0.0024449877750611247,0.0967741935483871,0.002390438247011952
logistic_mask_geometry,0.9570625599777933,1215,2,1213,29,0.0016460905349794238,0.06451612903225806,0.001607717041800643
logistic_mask_geometry,0.957537625609885,1200,2,1198,29,0.0016666666666666668,0.06451612903225806,0.0016273393002441008
logistic_mask_geometry,0.958059995491019,1191,2,1189,29,0.0016792611251049538,0.06451612903225806,0.001639344262295082
logistic_mask_geometry,0.9587090228708449,1177,2,1175,29,0.0016992353440951572,0.06451612903225806,0.001658374792703151
logistic_mask_geometry,0.9591893515325249,1170,2,1168,29,0.0017094017094017094,0.06451612903225806,0.0016680567139282735
logistic_mask_geometry,0.9599230667876799,1153,2,1151,29,0.0017346053772766695,0.06451612903225806,0.001692047377326565
logistic_mask_geometry,0.9605881890285943,1140,2,1138,29,0.0017543859649122807,0.06451612903225806,0.001710863986313088
logistic_mask_geometry,0.9611564162244405,1127,2,1125,29,0.001774622892635315,0.06451612903225806,0.0017301038062283738
logistic_mask_geometry,0.9618179886735514,1115,2,1113,29,0.0017937219730941704,0.06451612903225806,0.0017482517482517483
logistic_mask_geometry,0.962398112600193,1107,2,1105,29,0.0018066847335140017,0.06451612903225806,0.0017605633802816902
logistic_mask_geometry,0.9629757854253458,1091,2,1089,29,0.0018331805682859762,0.06451612903225806,0.0017857142857142857
logistic_mask_geometry,0.9635542085328164,1073,2,1071,29,0.001863932898415657,0.06451612903225806,0.0018148820326678765
logistic_mask_geometry,0.9640629384815035,1062,2,1060,29,0.0018832391713747645,0.06451612903225806,0.0018331805682859762
logistic_mask_geometry,0.9645726779004906,1050,2,1048,29,0.0019047619047619048,0.06451612903225806,0.0018535681186283596
logistic_mask_geometry,0.9650675851729412,1038,2,1036,29,0.0019267822736030828,0.06451612903225806,0.0018744142455482662
logistic_mask_geometry,0.9657800938307297,1027,2,1025,29,0.0019474196689386564,0.06451612903225806,0.001893939393939394
logistic_mask_geometry,0.9661969087293857,1016,2,1014,29,0.001968503937007874,0.06451612903225806,0.0019138755980861245
logistic_mask_geometry,0.9668087222164846,1006,2,1004,29,0.0019880715705765406,0.06451612903225806,0.001932367149758454
logistic_mask_geometry,0.9672522497941708,996,2,994,29,0.002008032128514056,0.06451612903225806,0.001951219512195122
logistic_mask_geometry,0.9677706609525166,982,2,980,29,0.002036659877800407,0.06451612903225806,0.0019782393669634025
logistic_mask_geometry,0.9683458799278594,958,2,956,29,0.0020876826722338203,0.06451612903225806,0.002026342451874367
logistic_mask_geometry,0.9688330943411192,941,2,939,29,0.0021253985122210413,0.06451612903225806,0.002061855670103093
logistic_mask_geometry,0.9694013394315771,925,2,923,29,0.002162162162162162,0.06451612903225806,0.0020964360587002098
logistic_mask_geometry,0.9699068309855883,912,2,910,29,0.0021929824561403508,0.06451612903225806,0.0021253985122210413
logistic_mask_geometry,0.9704805781440871,894,2,892,29,0.0022371364653243847,0.06451612903225806,0.0021668472372697724
logistic_mask_geometry,0.9710117516522331,877,2,875,29,0.002280501710376283,0.06451612903225806,0.002207505518763797
logistic_mask_geometry,0.9716056121369824,862,2,860,29,0.002320185614849188,0.06451612903225806,0.002244668911335578
logistic_mask_geometry,0.9721102537118057,848,2,846,29,0.0023584905660377358,0.06451612903225806,0.002280501710376283
logistic_mask_geometry,0.9725516429341997,829,2,827,29,0.0024125452352231603,0.06451612903225806,0.002331002331002331
logistic_mask_geometry,0.9729970851867639,814,2,812,29,0.002457002457002457,0.06451612903225806,0.002372479240806643
logistic_mask_geometry,0.9734217058990503,795,2,793,29,0.0025157232704402514,0.06451612903225806,0.0024271844660194173
logistic_mask_geometry,0.9739808936532464,772,2,770,29,0.0025906735751295338,0.06451612903225806,0.0024968789013732834
logistic_mask_geometry,0.9746464806648464,751,2,749,29,0.002663115845539281,0.06451612903225806,0.002564102564102564
logistic_mask_geometry,0.9751602733929292,733,2,731,29,0.002728512960436562,0.06451612903225806,0.0026246719160104987
logistic_mask_geometry,0.9756009684047913,716,2,714,29,0.002793296089385475,0.06451612903225806,0.0026845637583892616
logistic_mask_geometry,0.9761710552308354,697,2,695,29,0.0028694404591104736,0.06451612903225806,0.0027548209366391185
logistic_mask_geometry,0.976561224350783,677,2,675,29,0.0029542097488921715,0.06451612903225806,0.0028328611898017
logistic_mask_geometry,0.9771315999304114,655,2,653,29,0.0030534351145038168,0.06451612903225806,0.0029239766081871343
logistic_mask_geometry,0.9776856429207847,632,2,630,29,0.0031645569620253164,0.06451612903225806,0.0030257186081694403
logistic_mask_geometry,0.9781569639660163,611,2,609,29,0.0032733224222585926,0.06451612903225806,0.003125
logistic_mask_geometry,0.9784678089122711,590,2,588,29,0.003389830508474576,0.06451612903225806,0.0032310177705977385
logistic_mask_geometry,0.9789644886080592,568,2,566,29,0.0035211267605633804,0.06451612903225806,0.0033500837520938024
logistic_mask_geometry,0.9794325082095289,552,2,550,29,0.0036231884057971015,0.06451612903225806,0.0034423407917383822
logistic_mask_geometry,0.979883907151209,529,2,527,29,0.003780718336483932,0.06451612903225806,0.0035842293906810036
logistic_mask_geometry,0.9802994067453076,514,2,512,29,0.0038910505836575876,0.06451612903225806,0.003683241252302026
logistic_mask_geometry,0.9807012049616126,493,2,491,29,0.004056795131845842,0.06451612903225806,0.0038314176245210726
logistic_mask_geometry,0.9811686170480935,468,2,466,29,0.004273504273504274,0.06451612903225806,0.004024144869215292
logistic_mask_geometry,0.981708602688998,450,2,448,29,0.0044444444444444444,0.06451612903225806,0.0041753653444676405
logistic_mask_geometry,0.9822152855104047,424,1,423,30,0.0023584905660377358,0.03225806451612903,0.0022026431718061676
logistic_mask_geometry,0.9827313743975337,401,1,400,30,0.0024937655860349127,0.03225806451612903,0.002320185614849188
logistic_mask_geometry,0.9832497568781241,375,1,374,30,0.0026666666666666666,0.03225806451612903,0.0024691358024691358
logistic_mask_geometry,0.9837214231582055,347,1,346,30,0.002881844380403458,0.03225806451612903,0.002652519893899204
logistic_mask_geometry,0.9843519436638946,318,1,317,30,0.0031446540880503146,0.03225806451612903,0.0028735632183908046
logistic_mask_geometry,0.9850131927005636,288,1,287,30,0.003472222222222222,0.03225806451612903,0.0031446540880503146
logistic_mask_geometry,0.9855546296761504,259,1,258,30,0.003861003861003861,0.03225806451612903,0.0034602076124567475
logistic_mask_geometry,0.9861371302400873,231,1,230,30,0.004329004329004329,0.03225806451612903,0.0038314176245210726
logistic_mask_geometry,0.9866507548916018,195,1,194,30,0.005128205128205128,0.03225806451612903,0.0044444444444444444
logistic_mask_geometry,0.98754710175562,163,1,162,30,0.006134969325153374,0.03225806451612903,0.0051813471502590676
logistic_mask_geometry,0.9882921901279684,134,1,133,30,0.007462686567164179,0.03225806451612903,0.006097560975609756
logistic_mask_geometry,0.9891319565614283,105,1,104,30,0.009523809523809525,0.03225806451612903,0.007407407407407408
logistic_mask_geometry,0.9901214670687395,74,0,74,31,0.0,0.0,0.0
logistic_mask_geometry,0.9919623724346719,40,0,40,31,0.0,0.0,0.0
logistic_mask_geometry,0.9973643312015946,1,0,1,31,0.0,0.0,0.0
logistic_mask_geometry,0.9973643312015947,0,0,0,31,0.0,0.0,0.0
