parent_radius_um,daughter_radius_um,recalled_events,total_events,candidate_recall,candidate_count,focus_only_candidate_count,mean_candidates_per_event,median_candidates_per_event,p95_candidates_per_event,max_candidates_per_event,candidate_multiplier_vs_14
14.0,14.0,14,18,0.7777777777777778,506,250,28.11111111111111,25.0,60.3,62,1.0
14.0,16.0,16,18,0.8888888888888888,650,323,36.111111111111114,34.0,73.39999999999998,87,1.284584980237154
14.0,18.0,16,18,0.8888888888888888,778,379,43.22222222222222,39.0,86.14999999999998,104,1.5375494071146245
14.0,20.0,16,18,0.8888888888888888,868,434,48.22222222222222,44.5,96.14999999999998,114,1.715415019762846
14.0,24.0,16,18,0.8888888888888888,1029,510,57.166666666666664,53.0,117.69999999999997,133,2.033596837944664
14.0,28.0,16,18,0.8888888888888888,1060,524,58.888888888888886,55.0,122.39999999999998,136,2.0948616600790513
14.0,32.0,16,18,0.8888888888888888,1060,524,58.888888888888886,55.0,122.39999999999998,136,2.0948616600790513
16.0,14.0,15,18,0.8333333333333334,898,416,49.888888888888886,46.0,105.75,110,1.774703557312253
16.0,16.0,17,18,0.9444444444444444,1171,538,65.05555555555556,60.0,136.15,137,2.314229249011858
16.0,18.0,17,18,0.9444444444444444,1461,646,81.16666666666667,70.5,169.45,172,2.8873517786561265
16.0,20.0,18,18,1.0,1708,776,94.88888888888889,82.5,197.79999999999998,208,3.375494071146245
16.0,24.0,18,18,1.0,2170,966,120.55555555555556,99.5,252.89999999999998,258,4.288537549407114
16.0,28.0,18,18,1.0,2426,1052,134.77777777777777,109.0,290.75,295,4.794466403162056
16.0,32.0,18,18,1.0,2469,1068,137.16666666666666,109.5,300.0,300,4.879446640316205
18.0,14.0,15,18,0.8333333333333334,1310,641,72.77777777777777,71.5,153.24999999999997,166,2.588932806324111
18.0,16.0,17,18,0.9444444444444444,1739,850,96.61111111111111,92.0,197.04999999999993,237,3.4367588932806323
18.0,18.0,17,18,0.9444444444444444,2214,1045,123.0,118.0,262.5999999999999,300,4.375494071146245
18.0,20.0,18,18,1.0,2676,1289,148.66666666666666,144.0,315.6499999999999,359,5.288537549407114
18.0,24.0,18,18,1.0,3541,1668,196.72222222222223,186.5,422.4999999999999,482,6.9980237154150196
18.0,28.0,18,18,1.0,4144,1937,230.22222222222223,212.5,501.7499999999999,574,8.189723320158103
18.0,32.0,18,18,1.0,4400,2050,244.44444444444446,226.0,535.3999999999999,617,8.695652173913043
20.0,14.0,15,18,0.8333333333333334,1802,882,100.11111111111111,101.5,209.3,211,3.561264822134387
20.0,16.0,17,18,0.9444444444444444,2420,1190,134.44444444444446,134.0,277.84999999999997,294,4.782608695652174
20.0,18.0,17,18,0.9444444444444444,3154,1505,175.22222222222223,168.5,385.0,385,6.233201581027668
20.0,20.0,18,18,1.0,3884,1882,215.77777777777777,212.0,467.4,481,7.675889328063241
20.0,24.0,18,18,1.0,5313,2507,295.1666666666667,280.0,655.65,665,10.5
20.0,28.0,18,18,1.0,6486,3047,360.3333333333333,327.0,812.0,829,12.818181818181818
20.0,32.0,18,18,1.0,7277,3397,404.27777777777777,374.5,926.3,928,14.381422924901186
24.0,14.0,15,18,0.8333333333333334,3280,1616,182.22222222222223,157.5,374.95,386,6.482213438735178
24.0,16.0,17,18,0.9444444444444444,4514,2236,250.77777777777777,218.5,522.8,533,8.920948616600791
24.0,18.0,17,18,0.9444444444444444,5972,2894,331.77777777777777,280.0,707.55,739,11.802371541501977
24.0,20.0,18,18,1.0,7552,3670,419.55555555555554,356.0,891.8,936,14.924901185770752
24.0,24.0,18,18,1.0,10937,5219,607.6111111111111,500.0,1344.05,1401,21.614624505928855
24.0,28.0,18,18,1.0,14233,6754,790.7222222222222,650.5,1784.9999999999998,1870,28.128458498023715
24.0,32.0,18,18,1.0,17156,8118,953.1111111111111,796.0,2197.25,2244,33.905138339920946
28.0,14.0,15,18,0.8333333333333334,5101,2635,283.3888888888889,257.5,556.05,562,10.08102766798419
28.0,16.0,17,18,0.9444444444444444,7093,3671,394.05555555555554,354.5,774.75,779,14.017786561264822
28.0,18.0,17,18,0.9444444444444444,9570,4843,531.6666666666666,472.0,1082.55,1097,18.91304347826087
28.0,20.0,18,18,1.0,12199,6164,677.7222222222222,596.5,1392.8,1403,24.108695652173914
28.0,24.0,18,18,1.0,18264,9104,1014.6666666666666,914.0,2116.5,2142,36.094861660079054
28.0,28.0,18,18,1.0,24694,12270,1371.888888888889,1258.0,2899.0,2967,48.80237154150198
28.0,32.0,18,18,1.0,30869,15307,1714.9444444444443,1595.0,3659.8,3670,61.00592885375494
32.0,14.0,15,18,0.8333333333333334,7199,3749,399.94444444444446,373.5,785.05,808,14.227272727272727
32.0,16.0,17,18,0.9444444444444444,10047,5261,558.1666666666666,509.5,1097.9499999999998,1160,19.85573122529644
32.0,18.0,17,18,0.9444444444444444,13702,7045,761.2222222222222,673.5,1549.6999999999998,1599,27.07905138339921
32.0,20.0,18,18,1.0,17653,9035,980.7222222222222,859.5,2022.3999999999999,2104,34.887351778656125
32.0,24.0,18,18,1.0,27016,13693,1500.888888888889,1344.5,3108.8999999999996,3233,53.391304347826086
32.0,28.0,18,18,1.0,37261,18827,2070.0555555555557,1883.0,4303.799999999999,4518,73.63833992094861
32.0,32.0,18,18,1.0,48002,24174,2666.777777777778,2444.0,5613.249999999999,5915,94.86561264822134
