arm,video,transition_id,event_id,positive_rank
candidate_base,44b6_2a2eff9f,44b6_2a2eff9f:11,44b6_2a2eff9f:13,10643.5
candidate_base,44b6_587a1e22,44b6_587a1e22:19,44b6_587a1e22:24,194.0
candidate_base,44b6_5f15d135,44b6_5f15d135:36,44b6_5f15d135:103,905.5
candidate_base,44b6_74d0c52e,44b6_74d0c52e:58,44b6_74d0c52e:59,622.0
candidate_base,44b6_996155de,44b6_996155de:19,44b6_996155de:60,12.0
candidate_base,44b6_9be80b04,44b6_9be80b04:77,44b6_9be80b04:155,427.0
candidate_base,44b6_aaf8b0ea,44b6_aaf8b0ea:61,44b6_aaf8b0ea:93,1386.5
candidate_base,44b6_c50204e0,44b6_c50204e0:28,44b6_c50204e0:43,3148.0
candidate_base,44b6_c50204e0,44b6_c50204e0:65,44b6_c50204e0:184,1270.0
candidate_base,44b6_d2f34f90,44b6_d2f34f90:51,44b6_d2f34f90:103,506.0
candidate_base,44b6_d2f34f90,44b6_d2f34f90:62,44b6_d2f34f90:137,1371.0
candidate_base,44b6_d754aa59,44b6_d754aa59:63,44b6_d754aa59:54,1.0
candidate_base,44b6_deabac95,44b6_deabac95:28,44b6_deabac95:15,1228.5
candidate_base,44b6_eb2880fc,44b6_eb2880fc:72,44b6_eb2880fc:282,12294.0
candidate_base,6bba_05db0fb1,6bba_05db0fb1:24,6bba_05db0fb1:229,1135.0
candidate_base,6bba_05db0fb1,6bba_05db0fb1:62,6bba_05db0fb1:751,23638.5
candidate_base,6bba_207c6aaf,6bba_207c6aaf:41,6bba_207c6aaf:146,6227.0
candidate_base,6bba_32db13fc,6bba_32db13fc:5,6bba_32db13fc:115,38547.0
candidate_base,6bba_474be664,6bba_474be664:63,6bba_474be664:205,375.5
candidate_base,6bba_5c039895,6bba_5c039895:10,6bba_5c039895:121,21.0
candidate_base,6bba_5c039895,6bba_5c039895:58,6bba_5c039895:680,6.0
candidate_base,6bba_705ec2c9,6bba_705ec2c9:42,6bba_705ec2c9:250,37.0
candidate_base,6bba_7af54fde,6bba_7af54fde:52,6bba_7af54fde:556,253.0
candidate_base,6bba_7af54fde,6bba_7af54fde:55,6bba_7af54fde:590,834.0
candidate_base,6bba_907271db,6bba_907271db:96,6bba_907271db:902,2.0
candidate_base,6bba_afb141ff,6bba_afb141ff:28,6bba_afb141ff:115,83.0
candidate_base,6bba_afb141ff,6bba_afb141ff:48,6bba_afb141ff:304,156.0
candidate_base,6bba_d1acb6ff,6bba_d1acb6ff:67,6bba_d1acb6ff:414,351.0
candidate_base,6bba_e16ffc58,6bba_e16ffc58:26,6bba_e16ffc58:331,22.0
candidate_base,6bba_fe670320,6bba_fe670320:0,6bba_fe670320:4,1.0
candidate_base,6bba_fe670320,6bba_fe670320:66,6bba_fe670320:519,35.0
soft_parent,44b6_2a2eff9f,44b6_2a2eff9f:11,44b6_2a2eff9f:13,30428.0
soft_parent,44b6_587a1e22,44b6_587a1e22:19,44b6_587a1e22:24,89.0
soft_parent,44b6_5f15d135,44b6_5f15d135:36,44b6_5f15d135:103,816.0
soft_parent,44b6_74d0c52e,44b6_74d0c52e:58,44b6_74d0c52e:59,984.0
soft_parent,44b6_996155de,44b6_996155de:19,44b6_996155de:60,23.0
soft_parent,44b6_9be80b04,44b6_9be80b04:77,44b6_9be80b04:155,544.0
soft_parent,44b6_aaf8b0ea,44b6_aaf8b0ea:61,44b6_aaf8b0ea:93,1150.0
soft_parent,44b6_c50204e0,44b6_c50204e0:28,44b6_c50204e0:43,531.0
soft_parent,44b6_c50204e0,44b6_c50204e0:65,44b6_c50204e0:184,546.0
soft_parent,44b6_d2f34f90,44b6_d2f34f90:51,44b6_d2f34f90:103,759.0
soft_parent,44b6_d2f34f90,44b6_d2f34f90:62,44b6_d2f34f90:137,606.0
soft_parent,44b6_d754aa59,44b6_d754aa59:63,44b6_d754aa59:54,1.0
soft_parent,44b6_deabac95,44b6_deabac95:28,44b6_deabac95:15,1471.0
soft_parent,44b6_eb2880fc,44b6_eb2880fc:72,44b6_eb2880fc:282,15839.0
soft_parent,6bba_05db0fb1,6bba_05db0fb1:24,6bba_05db0fb1:229,1213.0
soft_parent,6bba_05db0fb1,6bba_05db0fb1:62,6bba_05db0fb1:751,15179.0
soft_parent,6bba_207c6aaf,6bba_207c6aaf:41,6bba_207c6aaf:146,9761.0
soft_parent,6bba_32db13fc,6bba_32db13fc:5,6bba_32db13fc:115,41789.0
soft_parent,6bba_474be664,6bba_474be664:63,6bba_474be664:205,42.0
soft_parent,6bba_5c039895,6bba_5c039895:10,6bba_5c039895:121,21.0
soft_parent,6bba_5c039895,6bba_5c039895:58,6bba_5c039895:680,2.0
soft_parent,6bba_705ec2c9,6bba_705ec2c9:42,6bba_705ec2c9:250,55.0
soft_parent,6bba_7af54fde,6bba_7af54fde:52,6bba_7af54fde:556,126.0
soft_parent,6bba_7af54fde,6bba_7af54fde:55,6bba_7af54fde:590,1124.0
soft_parent,6bba_907271db,6bba_907271db:96,6bba_907271db:902,11.0
soft_parent,6bba_afb141ff,6bba_afb141ff:28,6bba_afb141ff:115,147.0
soft_parent,6bba_afb141ff,6bba_afb141ff:48,6bba_afb141ff:304,100.0
soft_parent,6bba_d1acb6ff,6bba_d1acb6ff:67,6bba_d1acb6ff:414,460.0
soft_parent,6bba_e16ffc58,6bba_e16ffc58:26,6bba_e16ffc58:331,131.0
soft_parent,6bba_fe670320,6bba_fe670320:0,6bba_fe670320:4,1.0
soft_parent,6bba_fe670320,6bba_fe670320:66,6bba_fe670320:519,56.0
soft_parent_mask_geometry,44b6_2a2eff9f,44b6_2a2eff9f:11,44b6_2a2eff9f:13,27162.0
soft_parent_mask_geometry,44b6_587a1e22,44b6_587a1e22:19,44b6_587a1e22:24,809.0
soft_parent_mask_geometry,44b6_5f15d135,44b6_5f15d135:36,44b6_5f15d135:103,336.0
soft_parent_mask_geometry,44b6_74d0c52e,44b6_74d0c52e:58,44b6_74d0c52e:59,425.0
soft_parent_mask_geometry,44b6_996155de,44b6_996155de:19,44b6_996155de:60,2.0
soft_parent_mask_geometry,44b6_9be80b04,44b6_9be80b04:77,44b6_9be80b04:155,464.0
soft_parent_mask_geometry,44b6_aaf8b0ea,44b6_aaf8b0ea:61,44b6_aaf8b0ea:93,1396.0
soft_parent_mask_geometry,44b6_c50204e0,44b6_c50204e0:28,44b6_c50204e0:43,6847.0
soft_parent_mask_geometry,44b6_c50204e0,44b6_c50204e0:65,44b6_c50204e0:184,8701.0
soft_parent_mask_geometry,44b6_d2f34f90,44b6_d2f34f90:51,44b6_d2f34f90:103,79.0
soft_parent_mask_geometry,44b6_d2f34f90,44b6_d2f34f90:62,44b6_d2f34f90:137,222.0
soft_parent_mask_geometry,44b6_d754aa59,44b6_d754aa59:63,44b6_d754aa59:54,1.0
soft_parent_mask_geometry,44b6_deabac95,44b6_deabac95:28,44b6_deabac95:15,3370.0
soft_parent_mask_geometry,44b6_eb2880fc,44b6_eb2880fc:72,44b6_eb2880fc:282,14225.0
soft_parent_mask_geometry,6bba_05db0fb1,6bba_05db0fb1:24,6bba_05db0fb1:229,65721.0
soft_parent_mask_geometry,6bba_05db0fb1,6bba_05db0fb1:62,6bba_05db0fb1:751,1034.0
soft_parent_mask_geometry,6bba_207c6aaf,6bba_207c6aaf:41,6bba_207c6aaf:146,6962.0
soft_parent_mask_geometry,6bba_32db13fc,6bba_32db13fc:5,6bba_32db13fc:115,18436.0
soft_parent_mask_geometry,6bba_474be664,6bba_474be664:63,6bba_474be664:205,97.0
soft_parent_mask_geometry,6bba_5c039895,6bba_5c039895:10,6bba_5c039895:121,10.0
soft_parent_mask_geometry,6bba_5c039895,6bba_5c039895:58,6bba_5c039895:680,5.0
soft_parent_mask_geometry,6bba_705ec2c9,6bba_705ec2c9:42,6bba_705ec2c9:250,137.0
soft_parent_mask_geometry,6bba_7af54fde,6bba_7af54fde:52,6bba_7af54fde:556,59.0
soft_parent_mask_geometry,6bba_7af54fde,6bba_7af54fde:55,6bba_7af54fde:590,836.0
soft_parent_mask_geometry,6bba_907271db,6bba_907271db:96,6bba_907271db:902,15.0
soft_parent_mask_geometry,6bba_afb141ff,6bba_afb141ff:28,6bba_afb141ff:115,134.0
soft_parent_mask_geometry,6bba_afb141ff,6bba_afb141ff:48,6bba_afb141ff:304,51.0
soft_parent_mask_geometry,6bba_d1acb6ff,6bba_d1acb6ff:67,6bba_d1acb6ff:414,15.0
soft_parent_mask_geometry,6bba_e16ffc58,6bba_e16ffc58:26,6bba_e16ffc58:331,60.0
soft_parent_mask_geometry,6bba_fe670320,6bba_fe670320:0,6bba_fe670320:4,1.0
soft_parent_mask_geometry,6bba_fe670320,6bba_fe670320:66,6bba_fe670320:519,121.0
