video,event_id,positive_rank,arm
44b6_2a2eff9f,44b6_2a2eff9f:13,21,geometry_1_05_focus0
44b6_587a1e22,44b6_587a1e22:24,5,geometry_1_05_focus0
44b6_5f15d135,44b6_5f15d135:103,5,geometry_1_05_focus0
44b6_74d0c52e,44b6_74d0c52e:59,31,geometry_1_05_focus0
44b6_996155de,44b6_996155de:60,1,geometry_1_05_focus0
44b6_9be80b04,44b6_9be80b04:155,1,geometry_1_05_focus0
44b6_aaf8b0ea,44b6_aaf8b0ea:93,1,geometry_1_05_focus0
44b6_c50204e0,44b6_c50204e0:184,1,geometry_1_05_focus0
44b6_c50204e0,44b6_c50204e0:43,3,geometry_1_05_focus0
44b6_d2f34f90,44b6_d2f34f90:103,1,geometry_1_05_focus0
44b6_d2f34f90,44b6_d2f34f90:137,1,geometry_1_05_focus0
44b6_d754aa59,44b6_d754aa59:54,1,geometry_1_05_focus0
44b6_deabac95,44b6_deabac95:15,3,geometry_1_05_focus0
44b6_eb2880fc,44b6_eb2880fc:282,90,geometry_1_05_focus0
6bba_05db0fb1,6bba_05db0fb1:229,13,geometry_1_05_focus0
6bba_05db0fb1,6bba_05db0fb1:751,6,geometry_1_05_focus0
6bba_207c6aaf,6bba_207c6aaf:146,5,geometry_1_05_focus0
6bba_32db13fc,6bba_32db13fc:115,3,geometry_1_05_focus0
6bba_474be664,6bba_474be664:205,1,geometry_1_05_focus0
6bba_5c039895,6bba_5c039895:121,1,geometry_1_05_focus0
6bba_5c039895,6bba_5c039895:680,1,geometry_1_05_focus0
6bba_705ec2c9,6bba_705ec2c9:250,2,geometry_1_05_focus0
6bba_7af54fde,6bba_7af54fde:556,8,geometry_1_05_focus0
6bba_7af54fde,6bba_7af54fde:590,7,geometry_1_05_focus0
6bba_907271db,6bba_907271db:902,1,geometry_1_05_focus0
6bba_afb141ff,6bba_afb141ff:115,7,geometry_1_05_focus0
6bba_afb141ff,6bba_afb141ff:304,1,geometry_1_05_focus0
6bba_d1acb6ff,6bba_d1acb6ff:414,1,geometry_1_05_focus0
6bba_e16ffc58,6bba_e16ffc58:331,10,geometry_1_05_focus0
6bba_fe670320,6bba_fe670320:4,3,geometry_1_05_focus0
6bba_fe670320,6bba_fe670320:519,3,geometry_1_05_focus0
44b6_2a2eff9f,44b6_2a2eff9f:13,10,logistic_base
44b6_587a1e22,44b6_587a1e22:24,3,logistic_base
44b6_5f15d135,44b6_5f15d135:103,2,logistic_base
44b6_74d0c52e,44b6_74d0c52e:59,17,logistic_base
44b6_996155de,44b6_996155de:60,1,logistic_base
44b6_9be80b04,44b6_9be80b04:155,1,logistic_base
44b6_aaf8b0ea,44b6_aaf8b0ea:93,1,logistic_base
44b6_c50204e0,44b6_c50204e0:184,1,logistic_base
44b6_c50204e0,44b6_c50204e0:43,3,logistic_base
44b6_d2f34f90,44b6_d2f34f90:103,1,logistic_base
44b6_d2f34f90,44b6_d2f34f90:137,1,logistic_base
44b6_d754aa59,44b6_d754aa59:54,1,logistic_base
44b6_deabac95,44b6_deabac95:15,2,logistic_base
44b6_eb2880fc,44b6_eb2880fc:282,66,logistic_base
6bba_05db0fb1,6bba_05db0fb1:229,2,logistic_base
6bba_05db0fb1,6bba_05db0fb1:751,2,logistic_base
6bba_207c6aaf,6bba_207c6aaf:146,4,logistic_base
6bba_32db13fc,6bba_32db13fc:115,7,logistic_base
6bba_474be664,6bba_474be664:205,1,logistic_base
6bba_5c039895,6bba_5c039895:121,1,logistic_base
6bba_5c039895,6bba_5c039895:680,1,logistic_base
6bba_705ec2c9,6bba_705ec2c9:250,2,logistic_base
6bba_7af54fde,6bba_7af54fde:556,4,logistic_base
6bba_7af54fde,6bba_7af54fde:590,12,logistic_base
6bba_907271db,6bba_907271db:902,1,logistic_base
6bba_afb141ff,6bba_afb141ff:115,5,logistic_base
6bba_afb141ff,6bba_afb141ff:304,1,logistic_base
6bba_d1acb6ff,6bba_d1acb6ff:414,1,logistic_base
6bba_e16ffc58,6bba_e16ffc58:331,5,logistic_base
6bba_fe670320,6bba_fe670320:4,3,logistic_base
6bba_fe670320,6bba_fe670320:519,1,logistic_base
44b6_2a2eff9f,44b6_2a2eff9f:13,7,logistic_mask_geometry
44b6_587a1e22,44b6_587a1e22:24,3,logistic_mask_geometry
44b6_5f15d135,44b6_5f15d135:103,1,logistic_mask_geometry
44b6_74d0c52e,44b6_74d0c52e:59,16,logistic_mask_geometry
44b6_996155de,44b6_996155de:60,1,logistic_mask_geometry
44b6_9be80b04,44b6_9be80b04:155,1,logistic_mask_geometry
44b6_aaf8b0ea,44b6_aaf8b0ea:93,1,logistic_mask_geometry
44b6_c50204e0,44b6_c50204e0:184,2,logistic_mask_geometry
44b6_c50204e0,44b6_c50204e0:43,3,logistic_mask_geometry
44b6_d2f34f90,44b6_d2f34f90:103,1,logistic_mask_geometry
44b6_d2f34f90,44b6_d2f34f90:137,1,logistic_mask_geometry
44b6_d754aa59,44b6_d754aa59:54,1,logistic_mask_geometry
44b6_deabac95,44b6_deabac95:15,7,logistic_mask_geometry
44b6_eb2880fc,44b6_eb2880fc:282,62,logistic_mask_geometry
6bba_05db0fb1,6bba_05db0fb1:229,1,logistic_mask_geometry
6bba_05db0fb1,6bba_05db0fb1:751,1,logistic_mask_geometry
6bba_207c6aaf,6bba_207c6aaf:146,11,logistic_mask_geometry
6bba_32db13fc,6bba_32db13fc:115,4,logistic_mask_geometry
6bba_474be664,6bba_474be664:205,1,logistic_mask_geometry
6bba_5c039895,6bba_5c039895:121,1,logistic_mask_geometry
6bba_5c039895,6bba_5c039895:680,1,logistic_mask_geometry
6bba_705ec2c9,6bba_705ec2c9:250,2,logistic_mask_geometry
6bba_7af54fde,6bba_7af54fde:556,2,logistic_mask_geometry
6bba_7af54fde,6bba_7af54fde:590,7,logistic_mask_geometry
6bba_907271db,6bba_907271db:902,1,logistic_mask_geometry
6bba_afb141ff,6bba_afb141ff:115,1,logistic_mask_geometry
6bba_afb141ff,6bba_afb141ff:304,1,logistic_mask_geometry
6bba_d1acb6ff,6bba_d1acb6ff:414,1,logistic_mask_geometry
6bba_e16ffc58,6bba_e16ffc58:331,4,logistic_mask_geometry
6bba_fe670320,6bba_fe670320:4,2,logistic_mask_geometry
6bba_fe670320,6bba_fe670320:519,1,logistic_mask_geometry
44b6_2a2eff9f,44b6_2a2eff9f:13,6,logistic_mask_quality
44b6_587a1e22,44b6_587a1e22:24,3,logistic_mask_quality
44b6_5f15d135,44b6_5f15d135:103,1,logistic_mask_quality
44b6_74d0c52e,44b6_74d0c52e:59,15,logistic_mask_quality
44b6_996155de,44b6_996155de:60,1,logistic_mask_quality
44b6_9be80b04,44b6_9be80b04:155,1,logistic_mask_quality
44b6_aaf8b0ea,44b6_aaf8b0ea:93,1,logistic_mask_quality
44b6_c50204e0,44b6_c50204e0:184,2,logistic_mask_quality
44b6_c50204e0,44b6_c50204e0:43,3,logistic_mask_quality
44b6_d2f34f90,44b6_d2f34f90:103,1,logistic_mask_quality
44b6_d2f34f90,44b6_d2f34f90:137,1,logistic_mask_quality
44b6_d754aa59,44b6_d754aa59:54,1,logistic_mask_quality
44b6_deabac95,44b6_deabac95:15,7,logistic_mask_quality
44b6_eb2880fc,44b6_eb2880fc:282,68,logistic_mask_quality
6bba_05db0fb1,6bba_05db0fb1:229,1,logistic_mask_quality
6bba_05db0fb1,6bba_05db0fb1:751,1,logistic_mask_quality
6bba_207c6aaf,6bba_207c6aaf:146,11,logistic_mask_quality
6bba_32db13fc,6bba_32db13fc:115,7,logistic_mask_quality
6bba_474be664,6bba_474be664:205,1,logistic_mask_quality
6bba_5c039895,6bba_5c039895:121,1,logistic_mask_quality
6bba_5c039895,6bba_5c039895:680,1,logistic_mask_quality
6bba_705ec2c9,6bba_705ec2c9:250,2,logistic_mask_quality
6bba_7af54fde,6bba_7af54fde:556,2,logistic_mask_quality
6bba_7af54fde,6bba_7af54fde:590,8,logistic_mask_quality
6bba_907271db,6bba_907271db:902,1,logistic_mask_quality
6bba_afb141ff,6bba_afb141ff:115,1,logistic_mask_quality
6bba_afb141ff,6bba_afb141ff:304,1,logistic_mask_quality
6bba_d1acb6ff,6bba_d1acb6ff:414,1,logistic_mask_quality
6bba_e16ffc58,6bba_e16ffc58:331,4,logistic_mask_quality
6bba_fe670320,6bba_fe670320:4,2,logistic_mask_quality
6bba_fe670320,6bba_fe670320:519,1,logistic_mask_quality
44b6_2a2eff9f,44b6_2a2eff9f:13,7,logistic_mask_source
44b6_587a1e22,44b6_587a1e22:24,3,logistic_mask_source
44b6_5f15d135,44b6_5f15d135:103,2,logistic_mask_source
44b6_74d0c52e,44b6_74d0c52e:59,16,logistic_mask_source
44b6_996155de,44b6_996155de:60,1,logistic_mask_source
44b6_9be80b04,44b6_9be80b04:155,1,logistic_mask_source
44b6_aaf8b0ea,44b6_aaf8b0ea:93,1,logistic_mask_source
44b6_c50204e0,44b6_c50204e0:184,2,logistic_mask_source
44b6_c50204e0,44b6_c50204e0:43,3,logistic_mask_source
44b6_d2f34f90,44b6_d2f34f90:103,1,logistic_mask_source
44b6_d2f34f90,44b6_d2f34f90:137,1,logistic_mask_source
44b6_d754aa59,44b6_d754aa59:54,1,logistic_mask_source
44b6_deabac95,44b6_deabac95:15,7,logistic_mask_source
44b6_eb2880fc,44b6_eb2880fc:282,63,logistic_mask_source
6bba_05db0fb1,6bba_05db0fb1:229,1,logistic_mask_source
6bba_05db0fb1,6bba_05db0fb1:751,1,logistic_mask_source
6bba_207c6aaf,6bba_207c6aaf:146,11,logistic_mask_source
6bba_32db13fc,6bba_32db13fc:115,4,logistic_mask_source
6bba_474be664,6bba_474be664:205,1,logistic_mask_source
6bba_5c039895,6bba_5c039895:121,1,logistic_mask_source
6bba_5c039895,6bba_5c039895:680,1,logistic_mask_source
6bba_705ec2c9,6bba_705ec2c9:250,3,logistic_mask_source
6bba_7af54fde,6bba_7af54fde:556,2,logistic_mask_source
6bba_7af54fde,6bba_7af54fde:590,5,logistic_mask_source
6bba_907271db,6bba_907271db:902,1,logistic_mask_source
6bba_afb141ff,6bba_afb141ff:115,1,logistic_mask_source
6bba_afb141ff,6bba_afb141ff:304,1,logistic_mask_source
6bba_d1acb6ff,6bba_d1acb6ff:414,1,logistic_mask_source
6bba_e16ffc58,6bba_e16ffc58:331,4,logistic_mask_source
6bba_fe670320,6bba_fe670320:4,1,logistic_mask_source
6bba_fe670320,6bba_fe670320:519,1,logistic_mask_source
44b6_2a2eff9f,44b6_2a2eff9f:13,6,logistic_rich_all
44b6_587a1e22,44b6_587a1e22:24,3,logistic_rich_all
44b6_5f15d135,44b6_5f15d135:103,1,logistic_rich_all
44b6_74d0c52e,44b6_74d0c52e:59,16,logistic_rich_all
44b6_996155de,44b6_996155de:60,1,logistic_rich_all
44b6_9be80b04,44b6_9be80b04:155,1,logistic_rich_all
44b6_aaf8b0ea,44b6_aaf8b0ea:93,1,logistic_rich_all
44b6_c50204e0,44b6_c50204e0:184,2,logistic_rich_all
44b6_c50204e0,44b6_c50204e0:43,3,logistic_rich_all
44b6_d2f34f90,44b6_d2f34f90:103,1,logistic_rich_all
44b6_d2f34f90,44b6_d2f34f90:137,1,logistic_rich_all
44b6_d754aa59,44b6_d754aa59:54,1,logistic_rich_all
44b6_deabac95,44b6_deabac95:15,7,logistic_rich_all
44b6_eb2880fc,44b6_eb2880fc:282,68,logistic_rich_all
6bba_05db0fb1,6bba_05db0fb1:229,1,logistic_rich_all
6bba_05db0fb1,6bba_05db0fb1:751,1,logistic_rich_all
6bba_207c6aaf,6bba_207c6aaf:146,11,logistic_rich_all
6bba_32db13fc,6bba_32db13fc:115,7,logistic_rich_all
6bba_474be664,6bba_474be664:205,1,logistic_rich_all
6bba_5c039895,6bba_5c039895:121,1,logistic_rich_all
6bba_5c039895,6bba_5c039895:680,1,logistic_rich_all
6bba_705ec2c9,6bba_705ec2c9:250,3,logistic_rich_all
6bba_7af54fde,6bba_7af54fde:556,2,logistic_rich_all
6bba_7af54fde,6bba_7af54fde:590,5,logistic_rich_all
6bba_907271db,6bba_907271db:902,1,logistic_rich_all
6bba_afb141ff,6bba_afb141ff:115,1,logistic_rich_all
6bba_afb141ff,6bba_afb141ff:304,1,logistic_rich_all
6bba_d1acb6ff,6bba_d1acb6ff:414,1,logistic_rich_all
6bba_e16ffc58,6bba_e16ffc58:331,4,logistic_rich_all
6bba_fe670320,6bba_fe670320:4,1,logistic_rich_all
6bba_fe670320,6bba_fe670320:519,2,logistic_rich_all
44b6_2a2eff9f,44b6_2a2eff9f:13,26,logistic_mask_geometry_permuted
44b6_587a1e22,44b6_587a1e22:24,3,logistic_mask_geometry_permuted
44b6_5f15d135,44b6_5f15d135:103,2,logistic_mask_geometry_permuted
44b6_74d0c52e,44b6_74d0c52e:59,15,logistic_mask_geometry_permuted
44b6_996155de,44b6_996155de:60,1,logistic_mask_geometry_permuted
44b6_9be80b04,44b6_9be80b04:155,4,logistic_mask_geometry_permuted
44b6_aaf8b0ea,44b6_aaf8b0ea:93,1,logistic_mask_geometry_permuted
44b6_c50204e0,44b6_c50204e0:184,1,logistic_mask_geometry_permuted
44b6_c50204e0,44b6_c50204e0:43,3,logistic_mask_geometry_permuted
44b6_d2f34f90,44b6_d2f34f90:103,1,logistic_mask_geometry_permuted
44b6_d2f34f90,44b6_d2f34f90:137,16,logistic_mask_geometry_permuted
44b6_d754aa59,44b6_d754aa59:54,1,logistic_mask_geometry_permuted
44b6_deabac95,44b6_deabac95:15,1,logistic_mask_geometry_permuted
44b6_eb2880fc,44b6_eb2880fc:282,80,logistic_mask_geometry_permuted
6bba_05db0fb1,6bba_05db0fb1:229,2,logistic_mask_geometry_permuted
6bba_05db0fb1,6bba_05db0fb1:751,3,logistic_mask_geometry_permuted
6bba_207c6aaf,6bba_207c6aaf:146,4,logistic_mask_geometry_permuted
6bba_32db13fc,6bba_32db13fc:115,5,logistic_mask_geometry_permuted
6bba_474be664,6bba_474be664:205,1,logistic_mask_geometry_permuted
6bba_5c039895,6bba_5c039895:121,1,logistic_mask_geometry_permuted
6bba_5c039895,6bba_5c039895:680,1,logistic_mask_geometry_permuted
6bba_705ec2c9,6bba_705ec2c9:250,1,logistic_mask_geometry_permuted
6bba_7af54fde,6bba_7af54fde:556,2,logistic_mask_geometry_permuted
6bba_7af54fde,6bba_7af54fde:590,11,logistic_mask_geometry_permuted
6bba_907271db,6bba_907271db:902,1,logistic_mask_geometry_permuted
6bba_afb141ff,6bba_afb141ff:115,5,logistic_mask_geometry_permuted
6bba_afb141ff,6bba_afb141ff:304,1,logistic_mask_geometry_permuted
6bba_d1acb6ff,6bba_d1acb6ff:414,1,logistic_mask_geometry_permuted
6bba_e16ffc58,6bba_e16ffc58:331,12,logistic_mask_geometry_permuted
6bba_fe670320,6bba_fe670320:4,3,logistic_mask_geometry_permuted
6bba_fe670320,6bba_fe670320:519,1,logistic_mask_geometry_permuted
