mode,dataset,edge_tp,edge_fp,edge_fn,division_tp,division_fp,division_fn,num_pred_nodes,node_recall,total_node_ratio,edge_jaccard,adj_edge_jaccard
base,44b6_12dfb391,745,35,28,0,0,1,44953,0.9923857868020305,-0.23382533406053996,0.9220297029702971,0.9435890933013741
base,44b6_267148e4,252,35,25,0,0,1,22247,0.9892857142857143,0.16293779404077366,0.8076923076923077,0.794531947404399
base,6bba_062c8d37,887,7,11,1,0,0,5853,0.9935483870967742,-0.02935323383084577,0.980110497237569,0.9829874384981172
base,6bba_07e24132,305,20,40,0,0,2,29181,0.9220055710306406,0.35820339771933907,0.8356164383561644,0.8056843736152334
dominance_1_14,44b6_12dfb391,745,35,28,0,0,1,44948,0.9923857868020305,-0.23391055358603763,0.9220297029702971,0.9435969507947524
dominance_1_14,44b6_267148e4,252,35,25,0,0,1,22242,0.9892857142857143,0.16267642446419237,0.8076923076923077,0.7945530580240461
dominance_1_14,6bba_062c8d37,887,7,11,1,0,0,5853,0.9935483870967742,-0.02935323383084577,0.980110497237569,0.9829874384981172
dominance_1_14,6bba_07e24132,305,20,40,0,0,2,29181,0.9220055710306406,0.35820339771933907,0.8356164383561644,0.8056843736152334
dominance_2_14,44b6_12dfb391,745,35,28,0,0,1,44953,0.9923857868020305,-0.23382533406053996,0.9220297029702971,0.9435890933013741
dominance_2_14,44b6_267148e4,252,35,25,0,0,1,22242,0.9892857142857143,0.16267642446419237,0.8076923076923077,0.7945530580240461
dominance_2_14,6bba_062c8d37,887,7,11,1,0,0,5853,0.9935483870967742,-0.02935323383084577,0.980110497237569,0.9829874384981172
dominance_2_14,6bba_07e24132,305,20,40,0,0,2,29181,0.9220055710306406,0.35820339771933907,0.8356164383561644,0.8056843736152334
dominance_4_14,44b6_12dfb391,745,35,28,0,0,1,44953,0.9923857868020305,-0.23382533406053996,0.9220297029702971,0.9435890933013741
dominance_4_14,44b6_267148e4,252,35,25,0,0,1,22242,0.9892857142857143,0.16267642446419237,0.8076923076923077,0.7945530580240461
dominance_4_14,6bba_062c8d37,887,7,11,1,0,0,5853,0.9935483870967742,-0.02935323383084577,0.980110497237569,0.9829874384981172
dominance_4_14,6bba_07e24132,305,20,40,0,0,2,29181,0.9220055710306406,0.35820339771933907,0.8356164383561644,0.8056843736152334
