mode,dataset,gt_parent,category,repairable,division_true_positive
baseline,44b6_12dfb391,172000000050,daughter_occupied,1,0
baseline,44b6_267148e4,16000000001,daughter_occupied,1,0
baseline,6bba_062c8d37,90001276,already_true_positive,1,1
baseline,6bba_07e24132,36000309,daughter_occupied,0,0
baseline,6bba_07e24132,66000550,divergence_gate,1,0
occupied_only,44b6_12dfb391,172000000050,daughter_occupied,1,1
occupied_only,44b6_267148e4,16000000001,daughter_occupied,1,1
occupied_only,6bba_062c8d37,90001276,already_true_positive,1,1
occupied_only,6bba_07e24132,36000309,daughter_occupied,0,0
occupied_only,6bba_07e24132,66000550,divergence_gate,1,0
divergence_only,44b6_12dfb391,172000000050,daughter_occupied,1,0
divergence_only,44b6_267148e4,16000000001,daughter_occupied,1,0
divergence_only,6bba_062c8d37,90001276,already_true_positive,1,1
divergence_only,6bba_07e24132,36000309,daughter_occupied,0,0
divergence_only,6bba_07e24132,66000550,divergence_gate,1,1
all_repairable,44b6_12dfb391,172000000050,daughter_occupied,1,1
all_repairable,44b6_267148e4,16000000001,daughter_occupied,1,1
all_repairable,6bba_062c8d37,90001276,already_true_positive,1,1
all_repairable,6bba_07e24132,36000309,daughter_occupied,0,0
all_repairable,6bba_07e24132,66000550,divergence_gate,1,1
