video,event_index,parent_id,parent_t,daughter1_id,daughter2_id,daughter_t,event_id,parent_matched,daughter_count_matched,candidate_count,positive_candidate_count
44b6_2a2eff9f,13,160000000048,11,161000000048,161000000049,12,44b6_2a2eff9f:13,1,2,31,1
44b6_706092f0,50,446000000015,49,447000000015,447000000016,50,44b6_706092f0:50,1,2,13,1
44b6_996155de,60,438000000002,19,439000000002,439000000003,20,44b6_996155de:60,1,2,6,1
44b6_c50204e0,43,171000000043,28,172000000043,172000000044,29,44b6_c50204e0:43,1,2,21,1
44b6_c50204e0,184,208000000033,65,209000000033,209000000034,66,44b6_c50204e0:184,1,2,50,1
44b6_d5e7d891,87,173000000010,12,174000000010,174000000011,13,44b6_d5e7d891:87,1,2,52,1
44b6_d5e7d891,455,208000000033,47,209000000033,209000000034,48,44b6_d5e7d891:455,1,2,60,1
44b6_eb2880fc,282,160000000048,72,161000000048,161000000049,73,44b6_eb2880fc:282,1,2,42,0
6bba_05db0fb1,229,25000381,24,26000400,26000403,25,6bba_05db0fb1:229,1,2,51,1
6bba_05db0fb1,606,53001011,52,54001033,54001035,53,6bba_05db0fb1:606,1,2,50,1
6bba_05db0fb1,751,63001217,62,64001240,64001241,63,6bba_05db0fb1:751,1,2,62,1
6bba_3abfe10a,630,82001296,81,83001334,83001350,82,6bba_3abfe10a:630,1,2,29,1
6bba_61ecbe65,200,35000328,34,36000339,36000340,35,6bba_61ecbe65:200,1,2,1,1
6bba_87289e13,563,78001026,77,79001049,79001050,78,6bba_87289e13:563,1,2,1,0
6bba_c328f2fd,65,29000074,28,30000074,30000075,29,6bba_c328f2fd:65,1,2,15,0
6bba_c328f2fd,260,67000304,66,68000311,68000314,67,6bba_c328f2fd:260,1,2,15,0
6bba_fe670320,4,1000014,0,2000029,2000030,1,6bba_fe670320:4,1,2,3,1
6bba_fe670320,519,67000712,66,68000720,68000721,67,6bba_fe670320:519,1,2,4,1
