video,source,t,gt_instances,pred_instances,tp,fp,fn,precision,recall,mean_match_um
44b6_12dfb391,pilkwang,64,8,520,8,512,0,0.015384615384615385,1.0,1.567800114633441
44b6_12dfb391,pilkwang,65,8,533,8,525,0,0.0150093808630394,1.0,1.6423921932202183
44b6_12dfb391,pilkwang,66,8,557,8,549,0,0.01436265709156194,1.0,1.4415775751022806
44b6_12dfb391,pilkwang,67,9,544,9,535,0,0.016544117647058824,1.0,1.5471951379022642
44b6_12dfb391,pilkwang,68,9,558,9,549,0,0.016129032258064516,1.0,2.266365393260675
44b6_12dfb391,pilkwang,69,8,568,8,560,0,0.014084507042253521,1.0,1.5309830159212177
44b6_12dfb391,focus3d,64,8,707,8,699,0,0.011315417256011316,1.0,1.4468991856530915
44b6_12dfb391,focus3d,65,8,702,8,694,0,0.011396011396011397,1.0,1.1793893978409336
44b6_12dfb391,focus3d,66,8,711,8,703,0,0.011251758087201125,1.0,1.4474450233991258
44b6_12dfb391,focus3d,67,9,727,9,718,0,0.012379642365887207,1.0,1.7106166492873507
44b6_12dfb391,focus3d,68,9,726,9,717,0,0.012396694214876033,1.0,1.9291868085491697
44b6_12dfb391,focus3d,69,8,749,8,741,0,0.010680907877169559,1.0,1.5253367894210696
44b6_12dfb391,union,64,8,727,8,719,0,0.011004126547455296,1.0,1.16203767309127
44b6_12dfb391,union,65,8,731,8,723,0,0.01094391244870041,1.0,1.6423921932202183
44b6_12dfb391,union,66,8,747,8,739,0,0.0107095046854083,1.0,1.4415775751022806
44b6_12dfb391,union,67,9,759,9,750,0,0.011857707509881422,1.0,1.5471951379022642
44b6_12dfb391,union,68,9,760,9,751,0,0.011842105263157895,1.0,2.266365393260675
44b6_12dfb391,union,69,8,781,8,773,0,0.010243277848911651,1.0,1.5309830159212177
44b6_267148e4,pilkwang,1,1,192,1,191,0,0.005208333333333333,1.0,1.284675299443404
44b6_267148e4,pilkwang,2,1,187,1,186,0,0.0053475935828877,1.0,1.625
44b6_267148e4,pilkwang,3,1,189,1,188,0,0.005291005291005291,1.0,0.8125
44b6_267148e4,pilkwang,4,3,201,3,198,0,0.014925373134328358,1.0,1.1319714254221547
44b6_267148e4,pilkwang,5,3,201,3,198,0,0.014925373134328358,1.0,0.7660323462854265
44b6_267148e4,pilkwang,6,3,203,3,200,0,0.014778325123152709,1.0,1.0929570995234499
44b6_267148e4,focus3d,1,1,212,1,211,0,0.0047169811320754715,1.0,1.5326542480781034
44b6_267148e4,focus3d,2,1,227,1,226,0,0.004405286343612335,1.0,1.9244060548395392
44b6_267148e4,focus3d,3,1,234,1,233,0,0.004273504273504274,1.0,1.9900110132525777
44b6_267148e4,focus3d,4,3,245,3,242,0,0.012244897959183673,1.0,1.8907044424459036
44b6_267148e4,focus3d,5,3,245,3,242,0,0.012244897959183673,1.0,2.389507567122243
44b6_267148e4,focus3d,6,3,242,3,239,0,0.012396694214876033,1.0,2.2849566158631998
44b6_267148e4,union,1,1,228,1,227,0,0.0043859649122807015,1.0,1.284675299443404
44b6_267148e4,union,2,1,237,1,236,0,0.004219409282700422,1.0,1.625
44b6_267148e4,union,3,1,246,1,245,0,0.0040650406504065045,1.0,0.8125
44b6_267148e4,union,4,3,255,3,252,0,0.011764705882352941,1.0,1.1319714254221547
44b6_267148e4,union,5,3,254,3,251,0,0.011811023622047244,1.0,0.7660323462854265
44b6_267148e4,union,6,3,257,3,254,0,0.011673151750972763,1.0,1.0929570995234499
6bba_062c8d37,pilkwang,87,9,68,9,59,0,0.1323529411764706,1.0,1.1477262666789774
6bba_062c8d37,pilkwang,88,9,69,9,60,0,0.13043478260869565,1.0,1.0095649377277094
6bba_062c8d37,pilkwang,89,9,70,9,61,0,0.12857142857142856,1.0,1.4277810701883746
6bba_062c8d37,pilkwang,90,10,65,10,55,0,0.15384615384615385,1.0,1.4996508284886376
6bba_062c8d37,pilkwang,91,10,63,10,53,0,0.15873015873015872,1.0,1.5723992898496804
6bba_062c8d37,pilkwang,92,10,64,10,54,0,0.15625,1.0,1.5429587741910356
6bba_062c8d37,focus3d,87,9,73,8,65,1,0.1095890410958904,0.8888888888888888,0.8566165478465577
6bba_062c8d37,focus3d,88,9,74,9,65,0,0.12162162162162163,1.0,0.8115124092310106
6bba_062c8d37,focus3d,89,9,73,9,64,0,0.1232876712328767,1.0,0.9808563550568634
6bba_062c8d37,focus3d,90,10,73,10,63,0,0.136986301369863,1.0,0.9606352935003152
6bba_062c8d37,focus3d,91,10,71,10,61,0,0.14084507042253522,1.0,0.9084582446686614
6bba_062c8d37,focus3d,92,10,76,10,66,0,0.13157894736842105,1.0,0.8985825538282496
6bba_062c8d37,union,87,9,86,9,77,0,0.10465116279069768,1.0,0.9527159600522143
6bba_062c8d37,union,88,9,81,9,72,0,0.1111111111111111,1.0,1.0095649377277094
6bba_062c8d37,union,89,9,83,9,74,0,0.10843373493975904,1.0,1.1786249315120394
6bba_062c8d37,union,90,10,82,10,72,0,0.12195121951219512,1.0,1.4056370440233255
6bba_062c8d37,union,91,10,79,10,69,0,0.12658227848101267,1.0,1.3164809557694737
6bba_062c8d37,union,92,10,84,10,74,0,0.11904761904761904,1.0,1.5429587741910356
6bba_07e24132,pilkwang,33,3,361,3,358,0,0.008310249307479225,1.0,1.7384632237559876
6bba_07e24132,pilkwang,34,3,364,3,361,0,0.008241758241758242,1.0,1.3296079973116999
6bba_07e24132,pilkwang,35,3,340,3,337,0,0.008823529411764706,1.0,2.7215410575975425
6bba_07e24132,pilkwang,36,4,395,4,391,0,0.010126582278481013,1.0,2.2807754323215876
6bba_07e24132,pilkwang,37,4,372,4,368,0,0.010752688172043012,1.0,1.5257442291341865
6bba_07e24132,pilkwang,38,4,364,4,360,0,0.01098901098901099,1.0,3.4815911547263068
6bba_07e24132,pilkwang,63,5,323,5,318,0,0.015479876160990712,1.0,1.1963997431631697
6bba_07e24132,pilkwang,64,4,310,4,306,0,0.012903225806451613,1.0,1.339295810644842
6bba_07e24132,pilkwang,65,4,301,4,297,0,0.013289036544850499,1.0,1.339295810644842
6bba_07e24132,pilkwang,66,5,354,5,349,0,0.014124293785310734,1.0,1.5513362100952521
6bba_07e24132,pilkwang,67,5,332,5,327,0,0.015060240963855422,1.0,2.066420724941337
6bba_07e24132,pilkwang,68,4,324,4,320,0,0.012345679012345678,1.0,2.2581384564578406
6bba_07e24132,focus3d,33,3,573,3,570,0,0.005235602094240838,1.0,2.1840187517622174
6bba_07e24132,focus3d,34,3,559,3,556,0,0.005366726296958855,1.0,1.1419931031637816
6bba_07e24132,focus3d,35,3,564,3,561,0,0.005319148936170213,1.0,2.08580763531494
6bba_07e24132,focus3d,36,4,590,4,586,0,0.006779661016949152,1.0,2.2056430204961206
6bba_07e24132,focus3d,37,4,580,4,576,0,0.006896551724137931,1.0,2.6217324630734877
6bba_07e24132,focus3d,38,4,572,4,568,0,0.006993006993006993,1.0,1.9876710851553867
6bba_07e24132,focus3d,63,5,521,4,517,1,0.007677543186180422,0.8,1.6832690238388142
6bba_07e24132,focus3d,64,4,527,4,523,0,0.007590132827324478,1.0,1.5768250672206627
6bba_07e24132,focus3d,65,4,527,4,523,0,0.007590132827324478,1.0,1.5768250672206627
6bba_07e24132,focus3d,66,5,523,5,518,0,0.009560229445506692,1.0,2.6171135859770147
6bba_07e24132,focus3d,67,5,545,5,540,0,0.009174311926605505,1.0,1.5900449152463214
6bba_07e24132,focus3d,68,4,517,3,514,1,0.005802707930367505,0.75,2.1599812203717823
6bba_07e24132,union,33,3,620,3,617,0,0.004838709677419355,1.0,1.7384632237559876
6bba_07e24132,union,34,3,614,3,611,0,0.004885993485342019,1.0,1.3296079973116999
6bba_07e24132,union,35,3,609,3,606,0,0.0049261083743842365,1.0,2.7215410575975425
6bba_07e24132,union,36,4,651,4,647,0,0.006144393241167435,1.0,2.118232775729689
6bba_07e24132,union,37,4,633,4,629,0,0.00631911532385466,1.0,1.5257442291341865
6bba_07e24132,union,38,4,616,4,612,0,0.006493506493506494,1.0,2.5102973418013184
6bba_07e24132,union,63,5,551,5,546,0,0.009074410163339383,1.0,1.1963997431631697
6bba_07e24132,union,64,4,557,4,553,0,0.00718132854578097,1.0,1.339295810644842
6bba_07e24132,union,65,4,552,4,548,0,0.007246376811594203,1.0,1.339295810644842
6bba_07e24132,union,66,5,562,5,557,0,0.008896797153024912,1.0,1.5157771201052395
6bba_07e24132,union,67,5,588,5,583,0,0.008503401360544218,1.0,2.066420724941337
6bba_07e24132,union,68,4,559,4,555,0,0.007155635062611807,1.0,1.9670007103126832
