mode,dataset,raw_edges,dropped_nonconsecutive_edges,dropped_long_edges,dropped_multi_parent_edges,dropped_multi_child_edges,dropped_division_edges,gap_candidates,gap_pairs_selected,gap_reused_existing,gap_inserted_synthetic,gap_added_nodes,gap_added_edges,gap_skipped_node_cap,gap_density_nodes_scored,gap_density_candidates_expanded,gap_density_candidates_restricted,gap_density_selected_outside_base,gap_density_step_delta_milli_sum,gap_refined_synthetic,gap_refine_failed,gap_refine_rejected_shift,pruned_isolated_nodes,motion_relink_edges,motion_relink_tight_edges,motion_relink_relaxed_edges,motion_relink_frames,motion_relink_replaced_raw_edges,motion_relink_fallback_raw,motion_relink_skipped_large_frame,gap2_candidates,gap2_pairs_selected,gap2_added_nodes,gap2_added_edges,gap2_skipped_cap,safe_division_candidates,safe_division_geometric_candidates,safe_divisions_added,safe_division_skipped_cap,safe_division_mutual_nn_rejected,safe_division_divergence_rejected,safe_division_symmetry_rejected,deepcenter_gap_checked,deepcenter_gap_bypassed_strong_motion,deepcenter_gap_bypassed_observed_node,deepcenter_gap_accepted,deepcenter_gap_rejected,deepcenter_gap_missing,deepcenter_safe_div_checked,deepcenter_safe_div_accepted,deepcenter_safe_div_rejected,deepcenter_safe_div_missing,short_track_components_removed,short_track_nodes_removed,short_track_edges_removed,short_track_filter_skipped_all,short_track_rescue_triggered,short_track_rescue_components,short_track_rescue_nodes,short_track_rescue_budget,linefit_smoothed_nodes,linefit_skipped_nodes,gap_close_effective_max_gap,exp049_saved_proposals,exp049_structural_candidates,exp049_deepcenter_rejected,exp049_divergence_rejected,exp049_added,exp049_rewired,exp049_cap_rejected,exp056_edge_guard_checked,exp056_edge_guard_passed,exp056_edge_guard_rejected,exp056_edge_guard_missing_prob,exp056_edge_guard_accepted
off,44b6_12dfb391,40380,0,1,0,0,0,607,503,0,503,503,1006,0,40919,9,0,5,4571874,684,0,0,6,40789,40470,319,99,40379,0,0,196,82,164,246,0,15,153,15,0,56,1529,85,36,484,0,19,17,0,153,100,53,0,273,1197,924,0,0,0,0,0,42580,2,1,,,,,,,,,,,,
off,44b6_267148e4,20203,0,2,0,0,0,288,175,0,175,175,350,0,20987,11,0,5,2262774,297,10,0,54,20287,19197,1090,99,20201,0,0,108,48,96,144,0,27,196,21,0,119,1004,29,49,162,0,13,36,0,196,56,140,0,203,831,628,0,0,0,0,0,21055,0,1,,,,,,,,,,,,
off,6bba_062c8d37,5679,0,42,0,0,0,46,33,0,33,33,66,0,4659,0,0,0,239580,51,0,0,30,5628,5290,338,99,5637,0,0,7,7,14,21,0,4,13,4,0,3,67,4,4,33,0,0,4,0,13,8,5,0,46,160,114,0,0,0,0,0,5838,2,1,,,,,,,,,,,,
off,6bba_07e24132,23069,0,0,0,0,0,274,220,0,220,220,440,0,23817,6,0,4,1896200,347,0,0,12,23389,22918,471,99,23069,0,0,134,55,110,165,0,7,87,6,0,55,906,11,21,216,0,4,17,0,87,18,69,0,233,1017,784,0,0,0,0,0,24181,0,1,,,,,,,,,,,,
exp049_cos060,44b6_12dfb391,40380,0,1,0,0,0,607,503,0,503,503,1006,0,40919,9,0,5,4571874,684,0,0,6,40789,40470,319,99,40379,0,0,196,82,164,246,0,15,153,15,0,56,1529,85,36,484,0,19,17,0,157,103,54,0,273,1197,924,0,0,0,0,0,42580,2,1,49743.0,4.0,1.0,18.0,2.0,2.0,1.0,0.0,0.0,0.0,0.0,0.0
exp049_cos060,44b6_267148e4,20203,0,2,0,0,0,288,175,0,175,175,350,0,20987,11,0,5,2262774,297,10,0,54,20287,19197,1090,99,20201,0,0,108,48,96,144,0,27,196,21,0,119,1004,29,49,162,0,13,36,0,209,58,151,0,204,835,631,0,0,0,0,0,21051,0,1,26394.0,13.0,11.0,34.0,2.0,2.0,0.0,0.0,0.0,0.0,0.0,0.0
exp049_cos060,6bba_062c8d37,5679,0,42,0,0,0,46,33,0,33,33,66,0,4659,0,0,0,239580,51,0,0,30,5628,5290,338,99,5637,0,0,7,7,14,21,0,4,13,4,0,3,67,4,4,33,0,0,4,0,13,8,5,0,46,160,114,0,0,0,0,0,5838,2,1,6553.0,0.0,0.0,3.0,0.0,0.0,0.0,0.0,0.0,0.0,0.0,0.0
exp049_cos060,6bba_07e24132,23069,0,0,0,0,0,274,220,0,220,220,440,0,23817,6,0,4,1896200,347,0,0,12,23389,22918,471,99,23069,0,0,134,55,110,165,0,7,87,6,0,55,906,11,21,216,0,4,17,0,87,18,69,0,233,1017,784,0,0,0,0,0,24181,0,1,36018.0,0.0,0.0,30.0,0.0,0.0,0.0,0.0,0.0,0.0,0.0,0.0
exp056_edge_protected,44b6_12dfb391,40380,0,1,0,0,0,607,503,0,503,503,1006,0,40919,9,0,5,4571874,684,0,0,6,40789,40470,319,99,40379,0,0,196,82,164,246,0,15,153,15,0,56,1529,85,36,484,0,19,17,0,155,102,53,0,273,1197,924,0,0,0,0,0,42580,2,1,49743.0,2.0,0.0,18.0,2.0,2.0,0.0,4.0,2.0,2.0,0.0,2.0
exp056_edge_protected,44b6_267148e4,20203,0,2,0,0,0,288,175,0,175,175,350,0,20987,11,0,5,2262774,297,10,0,54,20287,19197,1090,99,20201,0,0,108,48,96,144,0,27,196,21,0,119,1004,29,49,162,0,13,36,0,197,57,140,0,204,835,631,0,0,0,0,0,21051,0,1,26394.0,1.0,0.0,34.0,1.0,1.0,0.0,13.0,1.0,12.0,0.0,1.0
exp056_edge_protected,6bba_062c8d37,5679,0,42,0,0,0,46,33,0,33,33,66,0,4659,0,0,0,239580,51,0,0,30,5628,5290,338,99,5637,0,0,7,7,14,21,0,4,13,4,0,3,67,4,4,33,0,0,4,0,13,8,5,0,46,160,114,0,0,0,0,0,5838,2,1,6553.0,0.0,0.0,3.0,0.0,0.0,0.0,0.0,0.0,0.0,0.0,0.0
exp056_edge_protected,6bba_07e24132,23069,0,0,0,0,0,274,220,0,220,220,440,0,23817,6,0,4,1896200,347,0,0,12,23389,22918,471,99,23069,0,0,134,55,110,165,0,7,87,6,0,55,906,11,21,216,0,4,17,0,87,18,69,0,233,1017,784,0,0,0,0,0,24181,0,1,36018.0,0.0,0.0,30.0,0.0,0.0,0.0,0.0,0.0,0.0,0.0,0.0
