video,event_id,mode,parent_matched,daughter_count_matched
44b6_2a2eff9f,44b6_2a2eff9f:13,pil_only,1,2
44b6_2a2eff9f,44b6_2a2eff9f:13,union,1,2
44b6_706092f0,44b6_706092f0:50,pil_only,1,1
44b6_706092f0,44b6_706092f0:50,union,1,2
44b6_996155de,44b6_996155de:60,pil_only,1,2
44b6_996155de,44b6_996155de:60,union,1,2
44b6_c50204e0,44b6_c50204e0:43,pil_only,1,2
44b6_c50204e0,44b6_c50204e0:184,pil_only,1,2
44b6_c50204e0,44b6_c50204e0:43,union,1,2
44b6_c50204e0,44b6_c50204e0:184,union,1,2
44b6_d5e7d891,44b6_d5e7d891:87,pil_only,1,2
44b6_d5e7d891,44b6_d5e7d891:455,pil_only,1,2
44b6_d5e7d891,44b6_d5e7d891:87,union,1,2
44b6_d5e7d891,44b6_d5e7d891:455,union,1,2
44b6_eb2880fc,44b6_eb2880fc:282,pil_only,1,2
44b6_eb2880fc,44b6_eb2880fc:282,union,1,2
6bba_05db0fb1,6bba_05db0fb1:229,pil_only,1,2
6bba_05db0fb1,6bba_05db0fb1:606,pil_only,1,1
6bba_05db0fb1,6bba_05db0fb1:751,pil_only,1,2
6bba_05db0fb1,6bba_05db0fb1:229,union,1,2
6bba_05db0fb1,6bba_05db0fb1:606,union,1,2
6bba_05db0fb1,6bba_05db0fb1:751,union,1,2
6bba_3abfe10a,6bba_3abfe10a:630,pil_only,1,2
6bba_3abfe10a,6bba_3abfe10a:630,union,1,2
6bba_61ecbe65,6bba_61ecbe65:200,pil_only,1,1
6bba_61ecbe65,6bba_61ecbe65:200,union,1,2
6bba_87289e13,6bba_87289e13:563,pil_only,1,2
6bba_87289e13,6bba_87289e13:563,union,1,2
6bba_c328f2fd,6bba_c328f2fd:65,pil_only,1,2
6bba_c328f2fd,6bba_c328f2fd:260,pil_only,1,2
6bba_c328f2fd,6bba_c328f2fd:65,union,1,2
6bba_c328f2fd,6bba_c328f2fd:260,union,1,2
6bba_fe670320,6bba_fe670320:4,pil_only,1,2
6bba_fe670320,6bba_fe670320:519,pil_only,1,2
6bba_fe670320,6bba_fe670320:4,union,1,2
6bba_fe670320,6bba_fe670320:519,union,1,2
