video,stage,event,gt_parent,gt_child1,gt_child2,parent_mapped,daughter1_lineage_mapped,daughter2_lineage_mapped,same_component,has_fork,status
44b6_12dfb391,raw_ilp,1,172000000050,173000000050,173000000051,1,1,1,0,0,daughter_lineages_separate
44b6_12dfb391,edge_filter,1,172000000050,173000000050,173000000051,1,1,1,0,0,daughter_lineages_separate
44b6_12dfb391,motion_relink,1,172000000050,173000000050,173000000051,1,1,1,0,0,daughter_lineages_separate
44b6_12dfb391,single_parent,1,172000000050,173000000050,173000000051,1,1,1,0,0,daughter_lineages_separate
44b6_12dfb391,single_child,1,172000000050,173000000050,173000000051,1,1,1,0,0,daughter_lineages_separate
44b6_12dfb391,gap_close,1,172000000050,173000000050,173000000051,1,1,1,0,0,daughter_lineages_separate
44b6_12dfb391,gap2,1,172000000050,173000000050,173000000051,1,1,1,0,0,daughter_lineages_separate
44b6_12dfb391,safe_div_geometry,1,172000000050,173000000050,173000000051,1,1,1,0,0,daughter_lineages_separate
44b6_12dfb391,safe_div_post_veto,1,172000000050,173000000050,173000000051,1,1,1,0,0,daughter_lineages_separate
44b6_12dfb391,safe_div_selected,1,172000000050,173000000050,173000000051,1,1,1,0,0,daughter_lineages_separate
44b6_12dfb391,division_geometry_filter,1,172000000050,173000000050,173000000051,1,1,1,0,0,daughter_lineages_separate
44b6_12dfb391,prune_isolated,1,172000000050,173000000050,173000000051,1,1,1,0,0,daughter_lineages_separate
44b6_12dfb391,short_track,1,172000000050,173000000050,173000000051,1,1,1,0,0,daughter_lineages_separate
44b6_12dfb391,final,1,172000000050,173000000050,173000000051,1,1,1,0,0,daughter_lineages_separate
44b6_267148e4,raw_ilp,1,16000000001,17000000001,17000000002,1,1,1,0,0,daughter_lineages_separate
44b6_267148e4,edge_filter,1,16000000001,17000000001,17000000002,1,1,1,0,0,daughter_lineages_separate
44b6_267148e4,motion_relink,1,16000000001,17000000001,17000000002,1,1,1,0,0,daughter_lineages_separate
44b6_267148e4,single_parent,1,16000000001,17000000001,17000000002,1,1,1,0,0,daughter_lineages_separate
44b6_267148e4,single_child,1,16000000001,17000000001,17000000002,1,1,1,0,0,daughter_lineages_separate
44b6_267148e4,gap_close,1,16000000001,17000000001,17000000002,1,1,1,0,0,daughter_lineages_separate
44b6_267148e4,gap2,1,16000000001,17000000001,17000000002,1,1,1,0,0,daughter_lineages_separate
44b6_267148e4,safe_div_geometry,1,16000000001,17000000001,17000000002,1,1,1,0,0,daughter_lineages_separate
44b6_267148e4,safe_div_post_veto,1,16000000001,17000000001,17000000002,1,1,1,0,0,daughter_lineages_separate
44b6_267148e4,safe_div_selected,1,16000000001,17000000001,17000000002,1,1,1,0,0,daughter_lineages_separate
44b6_267148e4,division_geometry_filter,1,16000000001,17000000001,17000000002,1,1,1,0,0,daughter_lineages_separate
44b6_267148e4,prune_isolated,1,16000000001,17000000001,17000000002,1,1,1,0,0,daughter_lineages_separate
44b6_267148e4,short_track,1,16000000001,17000000001,17000000002,1,1,1,0,0,daughter_lineages_separate
44b6_267148e4,final,1,16000000001,17000000001,17000000002,1,1,1,0,0,daughter_lineages_separate
6bba_062c8d37,raw_ilp,1,90001276,91001298,91001299,1,1,1,0,0,daughter_lineages_separate
6bba_062c8d37,edge_filter,1,90001276,91001298,91001299,1,1,1,0,0,daughter_lineages_separate
6bba_062c8d37,motion_relink,1,90001276,91001298,91001299,1,1,1,0,0,daughter_lineages_separate
6bba_062c8d37,single_parent,1,90001276,91001298,91001299,1,1,1,0,0,daughter_lineages_separate
6bba_062c8d37,single_child,1,90001276,91001298,91001299,1,1,1,0,0,daughter_lineages_separate
6bba_062c8d37,gap_close,1,90001276,91001298,91001299,1,1,1,0,0,daughter_lineages_separate
6bba_062c8d37,gap2,1,90001276,91001298,91001299,1,1,1,0,0,daughter_lineages_separate
6bba_062c8d37,safe_div_geometry,1,90001276,91001298,91001299,1,1,1,0,0,daughter_lineages_separate
6bba_062c8d37,safe_div_post_veto,1,90001276,91001298,91001299,1,1,1,0,0,daughter_lineages_separate
6bba_062c8d37,safe_div_selected,1,90001276,91001298,91001299,1,1,1,1,1,TP
6bba_062c8d37,division_geometry_filter,1,90001276,91001298,91001299,1,1,1,1,1,TP
6bba_062c8d37,prune_isolated,1,90001276,91001298,91001299,1,1,1,1,1,TP
6bba_062c8d37,short_track,1,90001276,91001298,91001299,1,1,1,1,1,TP
6bba_062c8d37,final,1,90001276,91001298,91001299,1,1,1,1,1,TP
6bba_07e24132,raw_ilp,1,36000309,37000317,37000318,1,1,1,0,0,daughter_lineages_separate
6bba_07e24132,raw_ilp,2,66000550,67000557,67000558,1,1,1,0,0,daughter_lineages_separate
6bba_07e24132,edge_filter,1,36000309,37000317,37000318,1,1,1,0,0,daughter_lineages_separate
6bba_07e24132,edge_filter,2,66000550,67000557,67000558,1,1,1,0,0,daughter_lineages_separate
6bba_07e24132,motion_relink,1,36000309,37000317,37000318,1,1,1,0,0,daughter_lineages_separate
6bba_07e24132,motion_relink,2,66000550,67000557,67000558,1,1,1,0,0,daughter_lineages_separate
6bba_07e24132,single_parent,1,36000309,37000317,37000318,1,1,1,0,0,daughter_lineages_separate
6bba_07e24132,single_parent,2,66000550,67000557,67000558,1,1,1,0,0,daughter_lineages_separate
6bba_07e24132,single_child,1,36000309,37000317,37000318,1,1,1,0,0,daughter_lineages_separate
6bba_07e24132,single_child,2,66000550,67000557,67000558,1,1,1,0,0,daughter_lineages_separate
6bba_07e24132,gap_close,1,36000309,37000317,37000318,1,1,1,0,0,daughter_lineages_separate
6bba_07e24132,gap_close,2,66000550,67000557,67000558,1,1,1,0,0,daughter_lineages_separate
6bba_07e24132,gap2,1,36000309,37000317,37000318,1,1,1,0,0,daughter_lineages_separate
6bba_07e24132,gap2,2,66000550,67000557,67000558,1,1,1,0,0,daughter_lineages_separate
6bba_07e24132,safe_div_geometry,1,36000309,37000317,37000318,1,1,1,0,0,daughter_lineages_separate
6bba_07e24132,safe_div_geometry,2,66000550,67000557,67000558,1,1,1,0,0,daughter_lineages_separate
6bba_07e24132,safe_div_post_veto,1,36000309,37000317,37000318,1,1,1,0,0,daughter_lineages_separate
6bba_07e24132,safe_div_post_veto,2,66000550,67000557,67000558,1,1,1,0,0,daughter_lineages_separate
6bba_07e24132,safe_div_selected,1,36000309,37000317,37000318,1,1,1,0,0,daughter_lineages_separate
6bba_07e24132,safe_div_selected,2,66000550,67000557,67000558,1,1,1,0,0,daughter_lineages_separate
6bba_07e24132,division_geometry_filter,1,36000309,37000317,37000318,1,1,1,0,0,daughter_lineages_separate
6bba_07e24132,division_geometry_filter,2,66000550,67000557,67000558,1,1,1,0,0,daughter_lineages_separate
6bba_07e24132,prune_isolated,1,36000309,37000317,37000318,1,1,1,0,0,daughter_lineages_separate
6bba_07e24132,prune_isolated,2,66000550,67000557,67000558,1,1,1,0,0,daughter_lineages_separate
6bba_07e24132,short_track,1,36000309,37000317,37000318,1,1,1,0,0,daughter_lineages_separate
6bba_07e24132,short_track,2,66000550,67000557,67000558,1,1,1,0,0,daughter_lineages_separate
6bba_07e24132,final,1,36000309,37000317,37000318,1,1,1,0,0,daughter_lineages_separate
6bba_07e24132,final,2,66000550,67000557,67000558,1,1,1,0,0,daughter_lineages_separate
