video,t,pilkwang_nodes,focus3d_nodes,union_nodes,union_consensus,union_pilkwang_only,union_focus_only
44b6_12dfb391,64,520,707,727,500,20,207
44b6_12dfb391,65,533,702,731,504,29,198
44b6_12dfb391,66,557,711,747,521,36,190
44b6_12dfb391,67,544,727,759,512,32,215
44b6_12dfb391,68,558,726,760,524,34,202
44b6_12dfb391,69,568,749,781,536,32,213
44b6_267148e4,1,192,212,228,176,16,36
44b6_267148e4,2,187,227,237,177,10,50
44b6_267148e4,3,189,234,246,177,12,57
44b6_267148e4,4,201,245,255,191,10,54
44b6_267148e4,5,201,245,254,192,9,53
44b6_267148e4,6,203,242,257,188,15,54
6bba_062c8d37,87,68,73,86,55,13,18
6bba_062c8d37,88,69,74,81,62,7,12
6bba_062c8d37,89,70,73,83,60,10,13
6bba_062c8d37,90,65,73,82,56,9,17
6bba_062c8d37,91,63,71,79,55,8,16
6bba_062c8d37,92,64,76,84,56,8,20
6bba_07e24132,33,361,573,620,314,47,259
6bba_07e24132,34,364,559,614,309,55,250
6bba_07e24132,35,340,564,609,295,45,269
6bba_07e24132,36,395,590,651,334,61,256
6bba_07e24132,37,372,580,633,319,53,261
6bba_07e24132,38,364,572,616,320,44,252
6bba_07e24132,63,323,521,551,293,30,228
6bba_07e24132,64,310,527,557,280,30,247
6bba_07e24132,65,301,527,552,276,25,251
6bba_07e24132,66,354,523,562,315,39,208
6bba_07e24132,67,332,545,588,289,43,256
6bba_07e24132,68,324,517,559,282,42,235
