mode,dataset,parent_id,daughter1_id,daughter2_id,displaced_parent_id,parent_t,parent_daughter1_um,parent_daughter2_um,daughter_distance_um,displaced_parent_daughter2_um,displacement_gain_um,retained_edge_probability,displaced_edge_probability,edge_probability_gain,proposal_score,old_source_id,old_target_id,new_source_id,new_target_id
strict_prob05,44b6_12dfb391,34289,34835,34841,34290,71,2.2980970388562794,2.2980970388562794,3.9804208320226646,5.859020822628983,3.5609237837727035,0.7999382615089417,0.0,0.7999382615089417,2.894196639883577,34290,34841,34289,34841
strict_prob05,44b6_12dfb391,5857,6296,6277,5821,13,2.2980970388562794,2.2980970388562794,3.9804208320226646,5.859020822628983,3.5609237837727035,0.7553514838218689,0.0,0.7553514838218689,2.905343334305345,5821,6277,5857,6277
strict_prob05,44b6_12dfb391,4629,5085,5071,4612,10,2.2980970388562794,1.625,3.6336104634371584,2.8145825622994254,1.1895825622994254,0.81160569190979,0.5694674253463745,0.24213826656341553,2.964284564902857,4612,5071,4629,5071
strict_prob05,44b6_12dfb391,7097,7545,7522,7117,16,0.0,3.9804208320226646,3.9804208320226646,9.75,5.769579167977335,0.7764176726341248,0.0,0.7764176726341248,4.582400580268667,7117,7522,7097,7522
strict_prob05,44b6_12dfb391,28190,28720,28681,28110,59,2.8145825622994254,3.6336104634371584,6.080193253507654,6.894291116568838,3.2606806531316797,0.9879849553108215,0.0,0.9879849553108215,4.602652875310984,28110,28681,28190,28681
strict_prob05,44b6_12dfb391,17758,18252,18256,17763,38,3.6336104634371584,2.8145825622994254,6.080193253507654,3.9804208320226646,1.1658382697232392,0.9471975564956665,0.0,0.9471975564956665,4.612849725014772,17763,18256,17758,18256
strict_prob05,44b6_267148e4,25433,25646,25635,25416,93,2.2980970388562794,2.8145825622994254,4.875,6.080193253507654,3.265610691208229,0.8818163871765137,0.6552116870880127,0.22660470008850098,3.7329313872773002,25416,25635,25433,25635
strict_prob05,44b6_267148e4,15729,16051,16038,15711,56,1.625,3.25,3.6336104634371584,8.900491559458949,5.650491559458949,0.8410671949386597,0.0,0.8410671949386597,3.7664552939527667,15711,16038,15729,16038
strict_prob05,44b6_267148e4,17619,17917,17918,17625,62,1.625,3.6336104634371584,3.25,5.3895152843275245,1.755904820890366,0.805383563041687,0.0,0.805383563041687,4.082264572676737,17625,17918,17619,17918
strict_prob05,44b6_267148e4,4652,4933,4923,4630,20,3.25,2.2980970388562794,5.138701197773616,8.443747686898277,6.145650648041998,0.6032542586326599,0.0,0.6032542586326599,4.126926674896558,4630,4923,4652,4923
strict_prob05,44b6_267148e4,18584,18861,18858,18569,65,2.2980970388562794,3.25,5.138701197773616,6.894291116568838,3.644291116568838,0.9127079248428345,0.5556247234344482,0.35708320140838623,4.188469439202627,18569,18858,18584,18858
strict_prob05,44b6_267148e4,6576,6869,6859,6564,27,1.625,3.6336104634371584,4.596194077712559,5.138701197773616,1.505090734336458,0.8763736486434937,0.6974772810935974,0.17889636754989624,4.508125187092196,6564,6859,6576,6859
strict_prob05,6bba_07e24132,15600,15951,15960,15622,39,1.625,3.6336104634371584,3.9804208320226646,7.621925609713073,3.9883151462759145,0.8604844212532043,0.0,0.8604844212532043,4.21457352452839,15622,15960,15600,15960
strict_prob05,6bba_07e24132,12081,12462,12463,12072,30,3.6336104634371584,1.625,5.138701197773616,3.6336104634371584,2.0086104634371584,0.8364624977111816,0.0,0.8364624977111816,4.452235078564087,12072,12463,12081,12463
strict_prob05,6bba_07e24132,27798,28195,28212,27779,75,3.6336104634371584,3.9804208320226646,6.700046641628698,8.285906709588275,4.30548587756561,0.6789884567260742,0.0,0.6789884567260742,5.150683046166886,27779,28212,27798,28212
strict_prob05,6bba_07e24132,8931,9350,9330,8955,21,5.138701197773616,3.25,5.138701197773616,9.75,6.5,0.8295847177505493,0.0,0.8295847177505493,5.959045257890702,8955,9330,8931,9330
strict_prob05,6bba_07e24132,28221,28665,28650,28198,76,3.6336104634371584,5.138701197773616,4.875,6.5,1.3612988022263837,0.6563330888748169,0.5816481709480286,0.07468491792678833,6.09502996829192,28198,28650,28221,28650
strict_prob05,6bba_07e24132,8415,8823,8824,8404,20,2.8145825622994254,4.875,6.894291116568838,7.083210783253595,2.2082107832535947,0.49418893456459045,0.0,0.49418893456459045,6.13031098967262,8404,8824,8415,8824
strict_prob10,44b6_12dfb391,34289,34835,34841,34290,71,2.2980970388562794,2.2980970388562794,3.9804208320226646,5.859020822628983,3.5609237837727035,0.7999382615089417,0.0,0.7999382615089417,2.894196639883577,34290,34841,34289,34841
strict_prob10,44b6_12dfb391,5857,6296,6277,5821,13,2.2980970388562794,2.2980970388562794,3.9804208320226646,5.859020822628983,3.5609237837727035,0.7553514838218689,0.0,0.7553514838218689,2.905343334305345,5821,6277,5857,6277
strict_prob10,44b6_12dfb391,4629,5085,5071,4612,10,2.2980970388562794,1.625,3.6336104634371584,2.8145825622994254,1.1895825622994254,0.81160569190979,0.5694674253463745,0.24213826656341553,2.964284564902857,4612,5071,4629,5071
strict_prob10,44b6_12dfb391,7097,7545,7522,7117,16,0.0,3.9804208320226646,3.9804208320226646,9.75,5.769579167977335,0.7764176726341248,0.0,0.7764176726341248,4.582400580268667,7117,7522,7097,7522
strict_prob10,44b6_12dfb391,28190,28720,28681,28110,59,2.8145825622994254,3.6336104634371584,6.080193253507654,6.894291116568838,3.2606806531316797,0.9879849553108215,0.0,0.9879849553108215,4.602652875310984,28110,28681,28190,28681
strict_prob10,44b6_12dfb391,17758,18252,18256,17763,38,3.6336104634371584,2.8145825622994254,6.080193253507654,3.9804208320226646,1.1658382697232392,0.9471975564956665,0.0,0.9471975564956665,4.612849725014772,17763,18256,17758,18256
strict_prob10,44b6_267148e4,25433,25646,25635,25416,93,2.2980970388562794,2.8145825622994254,4.875,6.080193253507654,3.265610691208229,0.8818163871765137,0.6552116870880127,0.22660470008850098,3.7329313872773002,25416,25635,25433,25635
strict_prob10,44b6_267148e4,15729,16051,16038,15711,56,1.625,3.25,3.6336104634371584,8.900491559458949,5.650491559458949,0.8410671949386597,0.0,0.8410671949386597,3.7664552939527667,15711,16038,15729,16038
strict_prob10,44b6_267148e4,17619,17917,17918,17625,62,1.625,3.6336104634371584,3.25,5.3895152843275245,1.755904820890366,0.805383563041687,0.0,0.805383563041687,4.082264572676737,17625,17918,17619,17918
strict_prob10,44b6_267148e4,4652,4933,4923,4630,20,3.25,2.2980970388562794,5.138701197773616,8.443747686898277,6.145650648041998,0.6032542586326599,0.0,0.6032542586326599,4.126926674896558,4630,4923,4652,4923
strict_prob10,44b6_267148e4,18584,18861,18858,18569,65,2.2980970388562794,3.25,5.138701197773616,6.894291116568838,3.644291116568838,0.9127079248428345,0.5556247234344482,0.35708320140838623,4.188469439202627,18569,18858,18584,18858
strict_prob10,44b6_267148e4,6576,6869,6859,6564,27,1.625,3.6336104634371584,4.596194077712559,5.138701197773616,1.505090734336458,0.8763736486434937,0.6974772810935974,0.17889636754989624,4.508125187092196,6564,6859,6576,6859
strict_prob10,6bba_07e24132,15600,15951,15960,15622,39,1.625,3.6336104634371584,3.9804208320226646,7.621925609713073,3.9883151462759145,0.8604844212532043,0.0,0.8604844212532043,4.21457352452839,15622,15960,15600,15960
strict_prob10,6bba_07e24132,12081,12462,12463,12072,30,3.6336104634371584,1.625,5.138701197773616,3.6336104634371584,2.0086104634371584,0.8364624977111816,0.0,0.8364624977111816,4.452235078564087,12072,12463,12081,12463
strict_prob10,6bba_07e24132,27798,28195,28212,27779,75,3.6336104634371584,3.9804208320226646,6.700046641628698,8.285906709588275,4.30548587756561,0.6789884567260742,0.0,0.6789884567260742,5.150683046166886,27779,28212,27798,28212
strict_prob10,6bba_07e24132,8931,9350,9330,8955,21,5.138701197773616,3.25,5.138701197773616,9.75,6.5,0.8295847177505493,0.0,0.8295847177505493,5.959045257890702,8955,9330,8931,9330
strict_prob10,6bba_07e24132,8415,8823,8824,8404,20,2.8145825622994254,4.875,6.894291116568838,7.083210783253595,2.2082107832535947,0.49418893456459045,0.0,0.49418893456459045,6.13031098967262,8404,8824,8415,8824
strict_prob10,6bba_07e24132,34309,34644,34621,34273,93,3.6336104634371584,5.138701197773616,8.75089281159357,9.334914300624297,4.19621310285068,0.6925321221351624,0.0,0.6925321221351624,6.71574672955854,34273,34621,34309,34621
strict_prob20,44b6_12dfb391,34289,34835,34841,34290,71,2.2980970388562794,2.2980970388562794,3.9804208320226646,5.859020822628983,3.5609237837727035,0.7999382615089417,0.0,0.7999382615089417,2.894196639883577,34290,34841,34289,34841
strict_prob20,44b6_12dfb391,5857,6296,6277,5821,13,2.2980970388562794,2.2980970388562794,3.9804208320226646,5.859020822628983,3.5609237837727035,0.7553514838218689,0.0,0.7553514838218689,2.905343334305345,5821,6277,5857,6277
strict_prob20,44b6_12dfb391,4629,5085,5071,4612,10,2.2980970388562794,1.625,3.6336104634371584,2.8145825622994254,1.1895825622994254,0.81160569190979,0.5694674253463745,0.24213826656341553,2.964284564902857,4612,5071,4629,5071
strict_prob20,44b6_12dfb391,7097,7545,7522,7117,16,0.0,3.9804208320226646,3.9804208320226646,9.75,5.769579167977335,0.7764176726341248,0.0,0.7764176726341248,4.582400580268667,7117,7522,7097,7522
strict_prob20,44b6_12dfb391,28190,28720,28681,28110,59,2.8145825622994254,3.6336104634371584,6.080193253507654,6.894291116568838,3.2606806531316797,0.9879849553108215,0.0,0.9879849553108215,4.602652875310984,28110,28681,28190,28681
strict_prob20,44b6_12dfb391,17758,18252,18256,17763,38,3.6336104634371584,2.8145825622994254,6.080193253507654,3.9804208320226646,1.1658382697232392,0.9471975564956665,0.0,0.9471975564956665,4.612849725014772,17763,18256,17758,18256
strict_prob20,44b6_267148e4,25433,25646,25635,25416,93,2.2980970388562794,2.8145825622994254,4.875,6.080193253507654,3.265610691208229,0.8818163871765137,0.6552116870880127,0.22660470008850098,3.7329313872773002,25416,25635,25433,25635
strict_prob20,44b6_267148e4,15729,16051,16038,15711,56,1.625,3.25,3.6336104634371584,8.900491559458949,5.650491559458949,0.8410671949386597,0.0,0.8410671949386597,3.7664552939527667,15711,16038,15729,16038
strict_prob20,44b6_267148e4,17619,17917,17918,17625,62,1.625,3.6336104634371584,3.25,5.3895152843275245,1.755904820890366,0.805383563041687,0.0,0.805383563041687,4.082264572676737,17625,17918,17619,17918
strict_prob20,44b6_267148e4,4652,4933,4923,4630,20,3.25,2.2980970388562794,5.138701197773616,8.443747686898277,6.145650648041998,0.6032542586326599,0.0,0.6032542586326599,4.126926674896558,4630,4923,4652,4923
strict_prob20,44b6_267148e4,18584,18861,18858,18569,65,2.2980970388562794,3.25,5.138701197773616,6.894291116568838,3.644291116568838,0.9127079248428345,0.5556247234344482,0.35708320140838623,4.188469439202627,18569,18858,18584,18858
strict_prob20,44b6_267148e4,8344,8660,8664,8368,33,2.2980970388562794,3.6336104634371584,5.859020822628983,4.875,1.2413895365628416,0.5745133757591248,0.0,0.5745133757591248,4.661786284023174,8368,8664,8344,8664
strict_prob20,6bba_07e24132,15600,15951,15960,15622,39,1.625,3.6336104634371584,3.9804208320226646,7.621925609713073,3.9883151462759145,0.8604844212532043,0.0,0.8604844212532043,4.21457352452839,15622,15960,15600,15960
strict_prob20,6bba_07e24132,12081,12462,12463,12072,30,3.6336104634371584,1.625,5.138701197773616,3.6336104634371584,2.0086104634371584,0.8364624977111816,0.0,0.8364624977111816,4.452235078564087,12072,12463,12081,12463
strict_prob20,6bba_07e24132,27798,28195,28212,27779,75,3.6336104634371584,3.9804208320226646,6.700046641628698,8.285906709588275,4.30548587756561,0.6789884567260742,0.0,0.6789884567260742,5.150683046166886,27779,28212,27798,28212
strict_prob20,6bba_07e24132,8931,9350,9330,8955,21,5.138701197773616,3.25,5.138701197773616,9.75,6.5,0.8295847177505493,0.0,0.8295847177505493,5.959045257890702,8955,9330,8931,9330
strict_prob20,6bba_07e24132,8415,8823,8824,8404,20,2.8145825622994254,4.875,6.894291116568838,7.083210783253595,2.2082107832535947,0.49418893456459045,0.0,0.49418893456459045,6.13031098967262,8404,8824,8415,8824
strict_prob20,6bba_07e24132,34309,34644,34621,34273,93,3.6336104634371584,5.138701197773616,8.75089281159357,9.334914300624297,4.19621310285068,0.6925321221351624,0.0,0.6925321221351624,6.71574672955854,34273,34621,34309,34621
