arm,k,events,parent_recall,candidate_count,rankable_events,top1_count,top3_count,top5_count,top10_count,top1_recall_all,top3_recall_all,top5_recall_all,median_rank_rankable
candidate_base,1,31,0.0,309,0,0,0,0,0,0.0,0.0,0.0,
candidate_base,2,31,0.0,680,0,0,0,0,0,0.0,0.0,0.0,
candidate_base,4,31,0.0,1461,0,0,0,0,0,0.0,0.0,0.0,
candidate_base,8,31,0.03225806451612903,3598,1,1,1,1,1,0.03225806451612903,0.03225806451612903,0.03225806451612903,1.0
candidate_base,16,31,0.12903225806451613,8487,4,2,2,2,3,0.06451612903225806,0.06451612903225806,0.06451612903225806,3.5
candidate_base,32,31,0.3225806451612903,21483,10,2,3,5,6,0.06451612903225806,0.0967741935483871,0.16129032258064516,5.5
candidate_base,64,31,0.6129032258064516,55104,19,2,3,4,5,0.06451612903225806,0.0967741935483871,0.12903225806451613,83.0
candidate_mask_geometry,1,31,0.0,309,0,0,0,0,0,0.0,0.0,0.0,
candidate_mask_geometry,2,31,0.0,680,0,0,0,0,0,0.0,0.0,0.0,
candidate_mask_geometry,4,31,0.0,1461,0,0,0,0,0,0.0,0.0,0.0,
candidate_mask_geometry,8,31,0.03225806451612903,3598,1,1,1,1,1,0.03225806451612903,0.03225806451612903,0.03225806451612903,1.0
candidate_mask_geometry,16,31,0.12903225806451613,8487,4,2,2,2,2,0.06451612903225806,0.06451612903225806,0.06451612903225806,11.0
candidate_mask_geometry,32,31,0.3225806451612903,21483,10,3,4,4,5,0.0967741935483871,0.12903225806451613,0.12903225806451613,15.5
candidate_mask_geometry,64,31,0.6129032258064516,55104,19,3,3,5,6,0.0967741935483871,0.0967741935483871,0.16129032258064516,79.0
