video,event_id,mode,candidate_count,positive_candidate_count
44b6_2a2eff9f,44b6_2a2eff9f:13,pil_only,31,1
44b6_2a2eff9f,44b6_2a2eff9f:13,union,54,1
44b6_587a1e22,44b6_587a1e22:24,pil_only,24,1
44b6_587a1e22,44b6_587a1e22:24,union,37,1
44b6_5f15d135,44b6_5f15d135:103,pil_only,37,1
44b6_5f15d135,44b6_5f15d135:103,union,67,1
44b6_74d0c52e,44b6_74d0c52e:59,pil_only,23,1
44b6_74d0c52e,44b6_74d0c52e:59,union,53,1
44b6_996155de,44b6_996155de:60,pil_only,1,1
44b6_996155de,44b6_996155de:60,union,6,1
44b6_9be80b04,44b6_9be80b04:155,pil_only,62,1
44b6_9be80b04,44b6_9be80b04:155,union,169,1
44b6_aaf8b0ea,44b6_aaf8b0ea:93,pil_only,5,1
44b6_aaf8b0ea,44b6_aaf8b0ea:93,union,5,1
44b6_c50204e0,44b6_c50204e0:43,pil_only,116,1
44b6_c50204e0,44b6_c50204e0:184,pil_only,176,1
44b6_c50204e0,44b6_c50204e0:43,union,137,1
44b6_c50204e0,44b6_c50204e0:184,union,196,1
44b6_d2f34f90,44b6_d2f34f90:103,pil_only,23,1
44b6_d2f34f90,44b6_d2f34f90:137,pil_only,63,1
44b6_d2f34f90,44b6_d2f34f90:103,union,76,1
44b6_d2f34f90,44b6_d2f34f90:137,union,71,1
44b6_d754aa59,44b6_d754aa59:54,pil_only,5,1
44b6_d754aa59,44b6_d754aa59:54,union,9,1
44b6_deabac95,44b6_deabac95:15,pil_only,35,1
44b6_deabac95,44b6_deabac95:15,union,35,1
44b6_eb2880fc,44b6_eb2880fc:282,pil_only,89,1
44b6_eb2880fc,44b6_eb2880fc:282,union,181,1
6bba_05db0fb1,6bba_05db0fb1:229,pil_only,91,1
6bba_05db0fb1,6bba_05db0fb1:751,pil_only,75,1
6bba_05db0fb1,6bba_05db0fb1:229,union,173,1
6bba_05db0fb1,6bba_05db0fb1:751,union,173,1
6bba_207c6aaf,6bba_207c6aaf:146,pil_only,62,1
6bba_207c6aaf,6bba_207c6aaf:146,union,69,1
6bba_32db13fc,6bba_32db13fc:115,pil_only,76,1
6bba_32db13fc,6bba_32db13fc:115,union,139,1
6bba_474be664,6bba_474be664:205,pil_only,101,1
6bba_474be664,6bba_474be664:205,union,144,1
6bba_5c039895,6bba_5c039895:121,pil_only,12,1
6bba_5c039895,6bba_5c039895:680,pil_only,8,1
6bba_5c039895,6bba_5c039895:121,union,12,1
6bba_5c039895,6bba_5c039895:680,union,8,1
6bba_705ec2c9,6bba_705ec2c9:250,pil_only,6,1
6bba_705ec2c9,6bba_705ec2c9:250,union,14,1
6bba_7af54fde,6bba_7af54fde:556,pil_only,18,1
6bba_7af54fde,6bba_7af54fde:590,pil_only,18,1
6bba_7af54fde,6bba_7af54fde:556,union,18,1
6bba_7af54fde,6bba_7af54fde:590,union,31,1
6bba_907271db,6bba_907271db:902,pil_only,1,1
6bba_907271db,6bba_907271db:902,union,1,1
6bba_afb141ff,6bba_afb141ff:115,pil_only,14,1
6bba_afb141ff,6bba_afb141ff:304,pil_only,3,1
6bba_afb141ff,6bba_afb141ff:115,union,18,1
6bba_afb141ff,6bba_afb141ff:304,union,6,1
6bba_d1acb6ff,6bba_d1acb6ff:414,pil_only,15,1
6bba_d1acb6ff,6bba_d1acb6ff:414,union,26,1
6bba_e16ffc58,6bba_e16ffc58:331,pil_only,10,1
6bba_e16ffc58,6bba_e16ffc58:331,union,28,1
6bba_fe670320,6bba_fe670320:4,pil_only,3,1
6bba_fe670320,6bba_fe670320:519,pil_only,8,1
6bba_fe670320,6bba_fe670320:4,union,3,1
6bba_fe670320,6bba_fe670320:519,union,8,1
