video,mode,focus_activation_cost,event_id,candidate_id,label,focus_only_count,geometry_cost,total_cost
44b6_2a2eff9f,pil_only,0.0,44b6_2a2eff9f:13,pil_only|44b6_2a2eff9f:13|17,0,0,14.420444471305313,14.420444471305313
44b6_587a1e22,pil_only,0.0,44b6_587a1e22:24,pil_only|44b6_587a1e22:24|8,0,0,13.249096102494306,13.249096102494306
44b6_5f15d135,pil_only,0.0,44b6_5f15d135:103,pil_only|44b6_5f15d135:103|18,0,0,11.896931284032714,11.896931284032714
44b6_74d0c52e,pil_only,0.0,44b6_74d0c52e:59,pil_only|44b6_74d0c52e:59|18,0,0,10.624816174880392,10.624816174880392
44b6_996155de,pil_only,0.0,44b6_996155de:60,pil_only|44b6_996155de:60|0,1,0,8.658694077712559,8.658694077712559
44b6_9be80b04,pil_only,0.0,44b6_9be80b04:155,pil_only|44b6_9be80b04:155|36,1,0,9.017953354794138,9.017953354794138
44b6_aaf8b0ea,pil_only,0.0,44b6_aaf8b0ea:93,pil_only|44b6_aaf8b0ea:93|0,1,0,13.98907605333366,13.98907605333366
44b6_c50204e0,pil_only,0.0,44b6_c50204e0:43,pil_only|44b6_c50204e0:43|76,0,0,9.263490736021819,9.263490736021819
44b6_c50204e0,pil_only,0.0,44b6_c50204e0:184,pil_only|44b6_c50204e0:184|115,1,0,9.839761064056999,9.839761064056999
44b6_d2f34f90,pil_only,0.0,44b6_d2f34f90:137,pil_only|44b6_d2f34f90:137|28,1,0,9.527338811792074,9.527338811792074
44b6_d2f34f90,pil_only,0.0,44b6_d2f34f90:103,pil_only|44b6_d2f34f90:103|8,1,0,10.455639659304438,10.455639659304438
44b6_d754aa59,pil_only,0.0,44b6_d754aa59:54,pil_only|44b6_d754aa59:54|2,1,0,13.045874503302855,13.045874503302855
44b6_deabac95,pil_only,0.0,44b6_deabac95:15,pil_only|44b6_deabac95:15|22,0,0,13.835503490986014,13.835503490986014
44b6_eb2880fc,pil_only,0.0,44b6_eb2880fc:282,pil_only|44b6_eb2880fc:282|63,0,0,11.750667933565744,11.750667933565744
6bba_05db0fb1,pil_only,0.0,6bba_05db0fb1:751,pil_only|6bba_05db0fb1:751|44,0,0,10.511009446485234,10.511009446485234
6bba_05db0fb1,pil_only,0.0,6bba_05db0fb1:229,pil_only|6bba_05db0fb1:229|36,0,0,13.953431254507759,13.953431254507759
6bba_207c6aaf,pil_only,0.0,6bba_207c6aaf:146,pil_only|6bba_207c6aaf:146|24,0,0,10.142693253507655,10.142693253507655
6bba_32db13fc,pil_only,0.0,6bba_32db13fc:115,pil_only|6bba_32db13fc:115|12,0,0,12.167090439049897,12.167090439049897
6bba_474be664,pil_only,0.0,6bba_474be664:205,pil_only|6bba_474be664:205|31,1,0,11.530608948663392,11.530608948663392
6bba_5c039895,pil_only,0.0,6bba_5c039895:121,pil_only|6bba_5c039895:121|7,1,0,10.12716369888933,10.12716369888933
6bba_5c039895,pil_only,0.0,6bba_5c039895:680,pil_only|6bba_5c039895:680|5,1,0,13.135222036712083,13.135222036712083
6bba_705ec2c9,pil_only,0.0,6bba_705ec2c9:250,pil_only|6bba_705ec2c9:250|4,0,0,10.016036103190048,10.016036103190048
6bba_7af54fde,pil_only,0.0,6bba_7af54fde:590,pil_only|6bba_7af54fde:590|12,0,0,13.07513548091628,13.07513548091628
6bba_7af54fde,pil_only,0.0,6bba_7af54fde:556,pil_only|6bba_7af54fde:556|13,0,0,15.778792649149008,15.778792649149008
6bba_907271db,pil_only,0.0,6bba_907271db:902,pil_only|6bba_907271db:902|0,1,0,16.224428717744548,16.224428717744548
6bba_afb141ff,pil_only,0.0,6bba_afb141ff:115,pil_only|6bba_afb141ff:115|6,0,0,12.575245779729475,12.575245779729475
6bba_afb141ff,pil_only,0.0,6bba_afb141ff:304,pil_only|6bba_afb141ff:304|1,1,0,15.638479804873281,15.638479804873281
6bba_d1acb6ff,pil_only,0.0,6bba_d1acb6ff:414,pil_only|6bba_d1acb6ff:414|0,1,0,9.803536005659275,9.803536005659275
6bba_e16ffc58,pil_only,0.0,6bba_e16ffc58:331,pil_only|6bba_e16ffc58:331|2,0,0,7.444350598886809,7.444350598886809
6bba_fe670320,pil_only,0.0,6bba_fe670320:4,pil_only|6bba_fe670320:4|2,0,0,10.642953354794138,10.642953354794138
6bba_fe670320,pil_only,0.0,6bba_fe670320:519,pil_only|6bba_fe670320:519|7,0,0,12.893846166387707,12.893846166387707
44b6_2a2eff9f,union,0.0,44b6_2a2eff9f:13,union|44b6_2a2eff9f:13|21,0,0,14.420444471305313,14.420444471305313
44b6_587a1e22,union,0.0,44b6_587a1e22:24,union|44b6_587a1e22:24|8,0,0,13.249096102494306,13.249096102494306
44b6_5f15d135,union,0.0,44b6_5f15d135:103,union|44b6_5f15d135:103|23,0,0,11.896931284032714,11.896931284032714
44b6_74d0c52e,union,0.0,44b6_74d0c52e:59,union|44b6_74d0c52e:59|33,0,1,10.277964472912759,10.277964472912759
44b6_996155de,union,0.0,44b6_996155de:60,union|44b6_996155de:60|0,1,0,8.658694077712559,8.658694077712559
44b6_9be80b04,union,0.0,44b6_9be80b04:155,union|44b6_9be80b04:155|66,1,0,9.017953354794138,9.017953354794138
44b6_aaf8b0ea,union,0.0,44b6_aaf8b0ea:93,union|44b6_aaf8b0ea:93|0,1,0,13.98907605333366,13.98907605333366
44b6_c50204e0,union,0.0,44b6_c50204e0:43,union|44b6_c50204e0:43|85,0,0,9.263490736021819,9.263490736021819
44b6_c50204e0,union,0.0,44b6_c50204e0:184,union|44b6_c50204e0:184|122,1,0,9.839761064056999,9.839761064056999
44b6_d2f34f90,union,0.0,44b6_d2f34f90:137,union|44b6_d2f34f90:137|28,1,0,9.527338811792074,9.527338811792074
44b6_d2f34f90,union,0.0,44b6_d2f34f90:103,union|44b6_d2f34f90:103|12,1,0,10.455639659304438,10.455639659304438
44b6_d754aa59,union,0.0,44b6_d754aa59:54,union|44b6_d754aa59:54|3,1,0,13.045874503302855,13.045874503302855
44b6_deabac95,union,0.0,44b6_deabac95:15,union|44b6_deabac95:15|22,0,0,13.835503490986014,13.835503490986014
44b6_eb2880fc,union,0.0,44b6_eb2880fc:282,union|44b6_eb2880fc:282|171,0,2,9.804354799061581,9.804354799061581
6bba_05db0fb1,union,0.0,6bba_05db0fb1:229,union|6bba_05db0fb1:229|136,0,1,6.9410280582245125,6.9410280582245125
6bba_05db0fb1,union,0.0,6bba_05db0fb1:751,union|6bba_05db0fb1:751|111,0,1,7.452775472014362,7.452775472014362
6bba_207c6aaf,union,0.0,6bba_207c6aaf:146,union|6bba_207c6aaf:146|25,0,0,10.142693253507655,10.142693253507655
6bba_32db13fc,union,0.0,6bba_32db13fc:115,union|6bba_32db13fc:115|96,0,1,8.41235826779628,8.41235826779628
6bba_474be664,union,0.0,6bba_474be664:205,union|6bba_474be664:205|37,1,0,11.530608948663392,11.530608948663392
6bba_5c039895,union,0.0,6bba_5c039895:121,union|6bba_5c039895:121|7,1,0,10.12716369888933,10.12716369888933
6bba_5c039895,union,0.0,6bba_5c039895:680,union|6bba_5c039895:680|5,1,0,13.135222036712083,13.135222036712083
6bba_705ec2c9,union,0.0,6bba_705ec2c9:250,union|6bba_705ec2c9:250|5,0,0,10.016036103190048,10.016036103190048
6bba_7af54fde,union,0.0,6bba_7af54fde:590,union|6bba_7af54fde:590|16,0,1,2.0197335394217264,2.0197335394217264
6bba_7af54fde,union,0.0,6bba_7af54fde:556,union|6bba_7af54fde:556|13,0,0,15.778792649149008,15.778792649149008
6bba_907271db,union,0.0,6bba_907271db:902,union|6bba_907271db:902|0,1,0,16.224428717744548,16.224428717744548
6bba_afb141ff,union,0.0,6bba_afb141ff:115,union|6bba_afb141ff:115|6,0,0,12.575245779729475,12.575245779729475
6bba_afb141ff,union,0.0,6bba_afb141ff:304,union|6bba_afb141ff:304|1,1,0,15.638479804873281,15.638479804873281
6bba_d1acb6ff,union,0.0,6bba_d1acb6ff:414,union|6bba_d1acb6ff:414|0,1,0,9.803536005659275,9.803536005659275
6bba_e16ffc58,union,0.0,6bba_e16ffc58:331,union|6bba_e16ffc58:331|2,0,0,7.444350598886809,7.444350598886809
6bba_fe670320,union,0.0,6bba_fe670320:4,union|6bba_fe670320:4|2,0,0,10.642953354794138,10.642953354794138
6bba_fe670320,union,0.0,6bba_fe670320:519,union|6bba_fe670320:519|7,0,0,12.893846166387707,12.893846166387707
44b6_2a2eff9f,union,2.0,44b6_2a2eff9f:13,union|44b6_2a2eff9f:13|21,0,0,14.420444471305313,14.420444471305313
44b6_587a1e22,union,2.0,44b6_587a1e22:24,union|44b6_587a1e22:24|8,0,0,13.249096102494306,13.249096102494306
44b6_5f15d135,union,2.0,44b6_5f15d135:103,union|44b6_5f15d135:103|23,0,0,11.896931284032714,11.896931284032714
44b6_74d0c52e,union,2.0,44b6_74d0c52e:59,union|44b6_74d0c52e:59|29,0,0,10.624816174880392,10.624816174880392
44b6_996155de,union,2.0,44b6_996155de:60,union|44b6_996155de:60|0,1,0,8.658694077712559,8.658694077712559
44b6_9be80b04,union,2.0,44b6_9be80b04:155,union|44b6_9be80b04:155|66,1,0,9.017953354794138,9.017953354794138
44b6_aaf8b0ea,union,2.0,44b6_aaf8b0ea:93,union|44b6_aaf8b0ea:93|0,1,0,13.98907605333366,13.98907605333366
44b6_c50204e0,union,2.0,44b6_c50204e0:43,union|44b6_c50204e0:43|85,0,0,9.263490736021819,9.263490736021819
44b6_c50204e0,union,2.0,44b6_c50204e0:184,union|44b6_c50204e0:184|122,1,0,9.839761064056999,9.839761064056999
44b6_d2f34f90,union,2.0,44b6_d2f34f90:137,union|44b6_d2f34f90:137|28,1,0,9.527338811792074,9.527338811792074
44b6_d2f34f90,union,2.0,44b6_d2f34f90:103,union|44b6_d2f34f90:103|12,1,0,10.455639659304438,10.455639659304438
44b6_d754aa59,union,2.0,44b6_d754aa59:54,union|44b6_d754aa59:54|3,1,0,13.045874503302855,13.045874503302855
44b6_deabac95,union,2.0,44b6_deabac95:15,union|44b6_deabac95:15|22,0,0,13.835503490986014,13.835503490986014
44b6_eb2880fc,union,2.0,44b6_eb2880fc:282,union|44b6_eb2880fc:282|91,0,0,11.750667933565744,11.750667933565744
6bba_05db0fb1,union,2.0,6bba_05db0fb1:229,union|6bba_05db0fb1:229|136,0,1,6.9410280582245125,8.941028058224513
6bba_05db0fb1,union,2.0,6bba_05db0fb1:751,union|6bba_05db0fb1:751|111,0,1,7.452775472014362,9.452775472014363
6bba_207c6aaf,union,2.0,6bba_207c6aaf:146,union|6bba_207c6aaf:146|25,0,0,10.142693253507655,10.142693253507655
6bba_32db13fc,union,2.0,6bba_32db13fc:115,union|6bba_32db13fc:115|96,0,1,8.41235826779628,10.41235826779628
6bba_474be664,union,2.0,6bba_474be664:205,union|6bba_474be664:205|37,1,0,11.530608948663392,11.530608948663392
6bba_5c039895,union,2.0,6bba_5c039895:121,union|6bba_5c039895:121|7,1,0,10.12716369888933,10.12716369888933
6bba_5c039895,union,2.0,6bba_5c039895:680,union|6bba_5c039895:680|5,1,0,13.135222036712083,13.135222036712083
6bba_705ec2c9,union,2.0,6bba_705ec2c9:250,union|6bba_705ec2c9:250|5,0,0,10.016036103190048,10.016036103190048
6bba_7af54fde,union,2.0,6bba_7af54fde:590,union|6bba_7af54fde:590|16,0,1,2.0197335394217264,4.019733539421726
6bba_7af54fde,union,2.0,6bba_7af54fde:556,union|6bba_7af54fde:556|13,0,0,15.778792649149008,15.778792649149008
6bba_907271db,union,2.0,6bba_907271db:902,union|6bba_907271db:902|0,1,0,16.224428717744548,16.224428717744548
6bba_afb141ff,union,2.0,6bba_afb141ff:115,union|6bba_afb141ff:115|6,0,0,12.575245779729475,12.575245779729475
6bba_afb141ff,union,2.0,6bba_afb141ff:304,union|6bba_afb141ff:304|1,1,0,15.638479804873281,15.638479804873281
6bba_d1acb6ff,union,2.0,6bba_d1acb6ff:414,union|6bba_d1acb6ff:414|0,1,0,9.803536005659275,9.803536005659275
6bba_e16ffc58,union,2.0,6bba_e16ffc58:331,union|6bba_e16ffc58:331|2,0,0,7.444350598886809,7.444350598886809
6bba_fe670320,union,2.0,6bba_fe670320:4,union|6bba_fe670320:4|2,0,0,10.642953354794138,10.642953354794138
6bba_fe670320,union,2.0,6bba_fe670320:519,union|6bba_fe670320:519|7,0,0,12.893846166387707,12.893846166387707
44b6_2a2eff9f,union,4.0,44b6_2a2eff9f:13,union|44b6_2a2eff9f:13|21,0,0,14.420444471305313,14.420444471305313
44b6_587a1e22,union,4.0,44b6_587a1e22:24,union|44b6_587a1e22:24|8,0,0,13.249096102494306,13.249096102494306
44b6_5f15d135,union,4.0,44b6_5f15d135:103,union|44b6_5f15d135:103|23,0,0,11.896931284032714,11.896931284032714
44b6_74d0c52e,union,4.0,44b6_74d0c52e:59,union|44b6_74d0c52e:59|29,0,0,10.624816174880392,10.624816174880392
44b6_996155de,union,4.0,44b6_996155de:60,union|44b6_996155de:60|0,1,0,8.658694077712559,8.658694077712559
44b6_9be80b04,union,4.0,44b6_9be80b04:155,union|44b6_9be80b04:155|66,1,0,9.017953354794138,9.017953354794138
44b6_aaf8b0ea,union,4.0,44b6_aaf8b0ea:93,union|44b6_aaf8b0ea:93|0,1,0,13.98907605333366,13.98907605333366
44b6_c50204e0,union,4.0,44b6_c50204e0:43,union|44b6_c50204e0:43|85,0,0,9.263490736021819,9.263490736021819
44b6_c50204e0,union,4.0,44b6_c50204e0:184,union|44b6_c50204e0:184|122,1,0,9.839761064056999,9.839761064056999
44b6_d2f34f90,union,4.0,44b6_d2f34f90:137,union|44b6_d2f34f90:137|28,1,0,9.527338811792074,9.527338811792074
44b6_d2f34f90,union,4.0,44b6_d2f34f90:103,union|44b6_d2f34f90:103|12,1,0,10.455639659304438,10.455639659304438
44b6_d754aa59,union,4.0,44b6_d754aa59:54,union|44b6_d754aa59:54|3,1,0,13.045874503302855,13.045874503302855
44b6_deabac95,union,4.0,44b6_deabac95:15,union|44b6_deabac95:15|22,0,0,13.835503490986014,13.835503490986014
44b6_eb2880fc,union,4.0,44b6_eb2880fc:282,union|44b6_eb2880fc:282|91,0,0,11.750667933565744,11.750667933565744
6bba_05db0fb1,union,4.0,6bba_05db0fb1:751,union|6bba_05db0fb1:751|78,0,0,10.511009446485234,10.511009446485234
6bba_05db0fb1,union,4.0,6bba_05db0fb1:229,union|6bba_05db0fb1:229|136,0,1,6.9410280582245125,10.941028058224513
6bba_207c6aaf,union,4.0,6bba_207c6aaf:146,union|6bba_207c6aaf:146|25,0,0,10.142693253507655,10.142693253507655
6bba_32db13fc,union,4.0,6bba_32db13fc:115,union|6bba_32db13fc:115|14,0,0,12.167090439049897,12.167090439049897
6bba_474be664,union,4.0,6bba_474be664:205,union|6bba_474be664:205|37,1,0,11.530608948663392,11.530608948663392
6bba_5c039895,union,4.0,6bba_5c039895:121,union|6bba_5c039895:121|7,1,0,10.12716369888933,10.12716369888933
6bba_5c039895,union,4.0,6bba_5c039895:680,union|6bba_5c039895:680|5,1,0,13.135222036712083,13.135222036712083
6bba_705ec2c9,union,4.0,6bba_705ec2c9:250,union|6bba_705ec2c9:250|5,0,0,10.016036103190048,10.016036103190048
6bba_7af54fde,union,4.0,6bba_7af54fde:590,union|6bba_7af54fde:590|16,0,1,2.0197335394217264,6.019733539421726
6bba_7af54fde,union,4.0,6bba_7af54fde:556,union|6bba_7af54fde:556|13,0,0,15.778792649149008,15.778792649149008
6bba_907271db,union,4.0,6bba_907271db:902,union|6bba_907271db:902|0,1,0,16.224428717744548,16.224428717744548
6bba_afb141ff,union,4.0,6bba_afb141ff:115,union|6bba_afb141ff:115|6,0,0,12.575245779729475,12.575245779729475
6bba_afb141ff,union,4.0,6bba_afb141ff:304,union|6bba_afb141ff:304|1,1,0,15.638479804873281,15.638479804873281
6bba_d1acb6ff,union,4.0,6bba_d1acb6ff:414,union|6bba_d1acb6ff:414|0,1,0,9.803536005659275,9.803536005659275
6bba_e16ffc58,union,4.0,6bba_e16ffc58:331,union|6bba_e16ffc58:331|2,0,0,7.444350598886809,7.444350598886809
6bba_fe670320,union,4.0,6bba_fe670320:4,union|6bba_fe670320:4|2,0,0,10.642953354794138,10.642953354794138
6bba_fe670320,union,4.0,6bba_fe670320:519,union|6bba_fe670320:519|7,0,0,12.893846166387707,12.893846166387707
44b6_2a2eff9f,union,8.0,44b6_2a2eff9f:13,union|44b6_2a2eff9f:13|21,0,0,14.420444471305313,14.420444471305313
44b6_587a1e22,union,8.0,44b6_587a1e22:24,union|44b6_587a1e22:24|8,0,0,13.249096102494306,13.249096102494306
44b6_5f15d135,union,8.0,44b6_5f15d135:103,union|44b6_5f15d135:103|23,0,0,11.896931284032714,11.896931284032714
44b6_74d0c52e,union,8.0,44b6_74d0c52e:59,union|44b6_74d0c52e:59|29,0,0,10.624816174880392,10.624816174880392
44b6_996155de,union,8.0,44b6_996155de:60,union|44b6_996155de:60|0,1,0,8.658694077712559,8.658694077712559
44b6_9be80b04,union,8.0,44b6_9be80b04:155,union|44b6_9be80b04:155|66,1,0,9.017953354794138,9.017953354794138
44b6_aaf8b0ea,union,8.0,44b6_aaf8b0ea:93,union|44b6_aaf8b0ea:93|0,1,0,13.98907605333366,13.98907605333366
44b6_c50204e0,union,8.0,44b6_c50204e0:43,union|44b6_c50204e0:43|85,0,0,9.263490736021819,9.263490736021819
44b6_c50204e0,union,8.0,44b6_c50204e0:184,union|44b6_c50204e0:184|122,1,0,9.839761064056999,9.839761064056999
44b6_d2f34f90,union,8.0,44b6_d2f34f90:137,union|44b6_d2f34f90:137|28,1,0,9.527338811792074,9.527338811792074
44b6_d2f34f90,union,8.0,44b6_d2f34f90:103,union|44b6_d2f34f90:103|12,1,0,10.455639659304438,10.455639659304438
44b6_d754aa59,union,8.0,44b6_d754aa59:54,union|44b6_d754aa59:54|3,1,0,13.045874503302855,13.045874503302855
44b6_deabac95,union,8.0,44b6_deabac95:15,union|44b6_deabac95:15|22,0,0,13.835503490986014,13.835503490986014
44b6_eb2880fc,union,8.0,44b6_eb2880fc:282,union|44b6_eb2880fc:282|91,0,0,11.750667933565744,11.750667933565744
6bba_05db0fb1,union,8.0,6bba_05db0fb1:751,union|6bba_05db0fb1:751|78,0,0,10.511009446485234,10.511009446485234
6bba_05db0fb1,union,8.0,6bba_05db0fb1:229,union|6bba_05db0fb1:229|49,0,0,13.953431254507759,13.953431254507759
6bba_207c6aaf,union,8.0,6bba_207c6aaf:146,union|6bba_207c6aaf:146|25,0,0,10.142693253507655,10.142693253507655
6bba_32db13fc,union,8.0,6bba_32db13fc:115,union|6bba_32db13fc:115|14,0,0,12.167090439049897,12.167090439049897
6bba_474be664,union,8.0,6bba_474be664:205,union|6bba_474be664:205|37,1,0,11.530608948663392,11.530608948663392
6bba_5c039895,union,8.0,6bba_5c039895:121,union|6bba_5c039895:121|7,1,0,10.12716369888933,10.12716369888933
6bba_5c039895,union,8.0,6bba_5c039895:680,union|6bba_5c039895:680|5,1,0,13.135222036712083,13.135222036712083
6bba_705ec2c9,union,8.0,6bba_705ec2c9:250,union|6bba_705ec2c9:250|5,0,0,10.016036103190048,10.016036103190048
6bba_7af54fde,union,8.0,6bba_7af54fde:590,union|6bba_7af54fde:590|16,0,1,2.0197335394217264,10.019733539421726
6bba_7af54fde,union,8.0,6bba_7af54fde:556,union|6bba_7af54fde:556|13,0,0,15.778792649149008,15.778792649149008
6bba_907271db,union,8.0,6bba_907271db:902,union|6bba_907271db:902|0,1,0,16.224428717744548,16.224428717744548
6bba_afb141ff,union,8.0,6bba_afb141ff:115,union|6bba_afb141ff:115|6,0,0,12.575245779729475,12.575245779729475
6bba_afb141ff,union,8.0,6bba_afb141ff:304,union|6bba_afb141ff:304|1,1,0,15.638479804873281,15.638479804873281
6bba_d1acb6ff,union,8.0,6bba_d1acb6ff:414,union|6bba_d1acb6ff:414|0,1,0,9.803536005659275,9.803536005659275
6bba_e16ffc58,union,8.0,6bba_e16ffc58:331,union|6bba_e16ffc58:331|2,0,0,7.444350598886809,7.444350598886809
6bba_fe670320,union,8.0,6bba_fe670320:4,union|6bba_fe670320:4|2,0,0,10.642953354794138,10.642953354794138
6bba_fe670320,union,8.0,6bba_fe670320:519,union|6bba_fe670320:519|7,0,0,12.893846166387707,12.893846166387707
44b6_2a2eff9f,union,12.0,44b6_2a2eff9f:13,union|44b6_2a2eff9f:13|21,0,0,14.420444471305313,14.420444471305313
44b6_587a1e22,union,12.0,44b6_587a1e22:24,union|44b6_587a1e22:24|8,0,0,13.249096102494306,13.249096102494306
44b6_5f15d135,union,12.0,44b6_5f15d135:103,union|44b6_5f15d135:103|23,0,0,11.896931284032714,11.896931284032714
44b6_74d0c52e,union,12.0,44b6_74d0c52e:59,union|44b6_74d0c52e:59|29,0,0,10.624816174880392,10.624816174880392
44b6_996155de,union,12.0,44b6_996155de:60,union|44b6_996155de:60|0,1,0,8.658694077712559,8.658694077712559
44b6_9be80b04,union,12.0,44b6_9be80b04:155,union|44b6_9be80b04:155|66,1,0,9.017953354794138,9.017953354794138
44b6_aaf8b0ea,union,12.0,44b6_aaf8b0ea:93,union|44b6_aaf8b0ea:93|0,1,0,13.98907605333366,13.98907605333366
44b6_c50204e0,union,12.0,44b6_c50204e0:43,union|44b6_c50204e0:43|85,0,0,9.263490736021819,9.263490736021819
44b6_c50204e0,union,12.0,44b6_c50204e0:184,union|44b6_c50204e0:184|122,1,0,9.839761064056999,9.839761064056999
44b6_d2f34f90,union,12.0,44b6_d2f34f90:137,union|44b6_d2f34f90:137|28,1,0,9.527338811792074,9.527338811792074
44b6_d2f34f90,union,12.0,44b6_d2f34f90:103,union|44b6_d2f34f90:103|12,1,0,10.455639659304438,10.455639659304438
44b6_d754aa59,union,12.0,44b6_d754aa59:54,union|44b6_d754aa59:54|3,1,0,13.045874503302855,13.045874503302855
44b6_deabac95,union,12.0,44b6_deabac95:15,union|44b6_deabac95:15|22,0,0,13.835503490986014,13.835503490986014
44b6_eb2880fc,union,12.0,44b6_eb2880fc:282,union|44b6_eb2880fc:282|91,0,0,11.750667933565744,11.750667933565744
6bba_05db0fb1,union,12.0,6bba_05db0fb1:751,union|6bba_05db0fb1:751|78,0,0,10.511009446485234,10.511009446485234
6bba_05db0fb1,union,12.0,6bba_05db0fb1:229,union|6bba_05db0fb1:229|49,0,0,13.953431254507759,13.953431254507759
6bba_207c6aaf,union,12.0,6bba_207c6aaf:146,union|6bba_207c6aaf:146|25,0,0,10.142693253507655,10.142693253507655
6bba_32db13fc,union,12.0,6bba_32db13fc:115,union|6bba_32db13fc:115|14,0,0,12.167090439049897,12.167090439049897
6bba_474be664,union,12.0,6bba_474be664:205,union|6bba_474be664:205|37,1,0,11.530608948663392,11.530608948663392
6bba_5c039895,union,12.0,6bba_5c039895:121,union|6bba_5c039895:121|7,1,0,10.12716369888933,10.12716369888933
6bba_5c039895,union,12.0,6bba_5c039895:680,union|6bba_5c039895:680|5,1,0,13.135222036712083,13.135222036712083
6bba_705ec2c9,union,12.0,6bba_705ec2c9:250,union|6bba_705ec2c9:250|5,0,0,10.016036103190048,10.016036103190048
6bba_7af54fde,union,12.0,6bba_7af54fde:590,union|6bba_7af54fde:590|18,0,0,13.07513548091628,13.07513548091628
6bba_7af54fde,union,12.0,6bba_7af54fde:556,union|6bba_7af54fde:556|13,0,0,15.778792649149008,15.778792649149008
6bba_907271db,union,12.0,6bba_907271db:902,union|6bba_907271db:902|0,1,0,16.224428717744548,16.224428717744548
6bba_afb141ff,union,12.0,6bba_afb141ff:115,union|6bba_afb141ff:115|6,0,0,12.575245779729475,12.575245779729475
6bba_afb141ff,union,12.0,6bba_afb141ff:304,union|6bba_afb141ff:304|1,1,0,15.638479804873281,15.638479804873281
6bba_d1acb6ff,union,12.0,6bba_d1acb6ff:414,union|6bba_d1acb6ff:414|0,1,0,9.803536005659275,9.803536005659275
6bba_e16ffc58,union,12.0,6bba_e16ffc58:331,union|6bba_e16ffc58:331|2,0,0,7.444350598886809,7.444350598886809
6bba_fe670320,union,12.0,6bba_fe670320:4,union|6bba_fe670320:4|2,0,0,10.642953354794138,10.642953354794138
6bba_fe670320,union,12.0,6bba_fe670320:519,union|6bba_fe670320:519|7,0,0,12.893846166387707,12.893846166387707
